aikatyyppi;vuosi;kuukausi_nro;vuosikuukausi;kunta_nro;etuus;kertymaluokka;saajat;kuntaosuus_eur
Kuukausi;2025;10;202510;000;Ansiopäiväraha;101-200;18916;1220272.89
Kuukausi;2025;10;202510;000;Ansiopäiväraha;201-300;19479;2562650.91
Kuukausi;2025;10;202510;000;Ansiopäiväraha;301-400;15235;3047062.94
Kuukausi;2025;10;202510;000;Ansiopäiväraha;401-700;5611;1401779.62
Kuukausi;2025;10;202510;000;Ansiopäiväraha;Yhteensä;51445;8231766.36
Kuukausi;2025;10;202510;000;Peruspäiväraha;101-200;8304;531746.42
Kuukausi;2025;10;202510;000;Peruspäiväraha;201-300;7698;1007554.99
Kuukausi;2025;10;202510;000;Peruspäiväraha;301-400;4691;860345.77
Kuukausi;2025;10;202510;000;Peruspäiväraha;401-700;2016;494413.67
Kuukausi;2025;10;202510;000;Peruspäiväraha;Yhteensä;19662;2894060.85
Kuukausi;2025;10;202510;000;Työmarkkinatuki;101-200;10037;644981.84
Kuukausi;2025;10;202510;000;Työmarkkinatuki;201-300;9060;1210628.12
Kuukausi;2025;10;202510;000;Työmarkkinatuki;301-400;11115;2671537.98
Kuukausi;2025;10;202510;000;Työmarkkinatuki;401-700;38926;20582710.85
Kuukausi;2025;10;202510;000;Työmarkkinatuki;701-;111571;47691057.51
Kuukausi;2025;10;202510;000;Työmarkkinatuki;Yhteensä;172260;72800916.3
Kuukausi;2025;10;202510;000;Yhteensä;101-200;37252;2397001.15
Kuukausi;2025;10;202510;000;Yhteensä;201-300;36222;4780834.02
Kuukausi;2025;10;202510;000;Yhteensä;301-400;30790;6578946.69
Kuukausi;2025;10;202510;000;Yhteensä;401-700;46146;22478904.14
Kuukausi;2025;10;202510;000;Yhteensä;701-;111571;47691057.51
Kuukausi;2025;10;202510;000;Yhteensä;Yhteensä;242141;83926743.51
Kuukausi;2025;11;202511;000;Ansiopäiväraha;101-200;18463;1115620.72
Kuukausi;2025;11;202511;000;Ansiopäiväraha;201-300;18240;2290061.6
Kuukausi;2025;11;202511;000;Ansiopäiväraha;301-400;15728;2977847.75
Kuukausi;2025;11;202511;000;Ansiopäiväraha;401-700;5573;1319531.94
Kuukausi;2025;11;202511;000;Ansiopäiväraha;Yhteensä;49737;7703062.01
Kuukausi;2025;11;202511;000;Peruspäiväraha;101-200;7936;423984
Kuukausi;2025;11;202511;000;Peruspäiväraha;201-300;7175;795779.95
Kuukausi;2025;11;202511;000;Peruspäiväraha;301-400;4423;710037.96
Kuukausi;2025;11;202511;000;Peruspäiväraha;401-700;1902;410875.73
Kuukausi;2025;11;202511;000;Peruspäiväraha;Yhteensä;18752;2340677.64
Kuukausi;2025;11;202511;000;Työmarkkinatuki;101-200;10405;560251.72
Kuukausi;2025;11;202511;000;Työmarkkinatuki;201-300;8750;1002355.16
Kuukausi;2025;11;202511;000;Työmarkkinatuki;301-400;11655;2479773.27
Kuukausi;2025;11;202511;000;Työmarkkinatuki;401-700;44942;18874163.3
Kuukausi;2025;11;202511;000;Työmarkkinatuki;701-;110103;37917586.06
Kuukausi;2025;11;202511;000;Työmarkkinatuki;Yhteensä;178385;60834129.51
Kuukausi;2025;11;202511;000;Yhteensä;101-200;36798;2099856.44
Kuukausi;2025;11;202511;000;Yhteensä;201-300;34156;4088196.71
Kuukausi;2025;11;202511;000;Yhteensä;301-400;31582;6167658.98
Kuukausi;2025;11;202511;000;Yhteensä;401-700;51826;20604570.97
Kuukausi;2025;11;202511;000;Yhteensä;701-;110103;37917586.06
Kuukausi;2025;11;202511;000;Yhteensä;Yhteensä;245317;70877869.16
Kuukausi;2025;12;202512;000;Ansiopäiväraha;101-200;21291;1362959.08
Kuukausi;2025;12;202512;000;Ansiopäiväraha;201-300;19137;2375935.48
Kuukausi;2025;12;202512;000;Ansiopäiväraha;301-400;17485;3455252.82
Kuukausi;2025;12;202512;000;Ansiopäiväraha;401-700;5857;1420179.03
Kuukausi;2025;12;202512;000;Ansiopäiväraha;Yhteensä;53986;8614326.41
Kuukausi;2025;12;202512;000;Peruspäiväraha;101-200;8455;511586.8
Kuukausi;2025;12;202512;000;Peruspäiväraha;201-300;7458;968110.27
Kuukausi;2025;12;202512;000;Peruspäiväraha;301-400;4793;864585.71
Kuukausi;2025;12;202512;000;Peruspäiväraha;401-700;2003;401422.9
Kuukausi;2025;12;202512;000;Peruspäiväraha;Yhteensä;19942;2745705.68
Kuukausi;2025;12;202512;000;Työmarkkinatuki;101-200;11605;712662.76
Kuukausi;2025;12;202512;000;Työmarkkinatuki;201-300;9224;1177024.54
Kuukausi;2025;12;202512;000;Työmarkkinatuki;301-400;11811;2418192.18
Kuukausi;2025;12;202512;000;Työmarkkinatuki;401-700;46096;14668526.47
Kuukausi;2025;12;202512;000;Työmarkkinatuki;701-;114231;47042213.48
Kuukausi;2025;12;202512;000;Työmarkkinatuki;Yhteensä;185039;66018619.43
Kuukausi;2025;12;202512;000;Yhteensä;101-200;41334;2587208.64
Kuukausi;2025;12;202512;000;Yhteensä;201-300;35779;4521070.29
Kuukausi;2025;12;202512;000;Yhteensä;301-400;33715;6738030.71
Kuukausi;2025;12;202512;000;Yhteensä;401-700;53244;16490128.4
Kuukausi;2025;12;202512;000;Yhteensä;701-;114231;47042213.48
Kuukausi;2025;12;202512;000;Yhteensä;Yhteensä;256617;77378651.52
Kuukausi;2025;1;202501;000;Ansiopäiväraha;101-200;13088;446354.78
Kuukausi;2025;1;202501;000;Ansiopäiväraha;201-300;8696;592986.18
Kuukausi;2025;1;202501;000;Ansiopäiväraha;301-400;6843;693277.05
Kuukausi;2025;1;202501;000;Ansiopäiväraha;401-700;2206;294364.64
Kuukausi;2025;1;202501;000;Ansiopäiväraha;Yhteensä;30742;2026982.65
Kuukausi;2025;1;202501;000;Peruspäiväraha;101-200;8249;236107.82
Kuukausi;2025;1;202501;000;Peruspäiväraha;201-300;5861;371543.14
Kuukausi;2025;1;202501;000;Peruspäiväraha;301-400;3220;297712.42
Kuukausi;2025;1;202501;000;Peruspäiväraha;401-700;1237;149001.28
Kuukausi;2025;1;202501;000;Peruspäiväraha;Yhteensä;17648;1054364.66
Kuukausi;2025;1;202501;000;Työmarkkinatuki;101-200;8090;223960.22
Kuukausi;2025;1;202501;000;Työmarkkinatuki;201-300;6577;418086.27
Kuukausi;2025;1;202501;000;Työmarkkinatuki;301-400;7788;739253.97
Kuukausi;2025;1;202501;000;Työmarkkinatuki;401-700;29618;4060403.35
Kuukausi;2025;1;202501;000;Työmarkkinatuki;701-;92189;16604534.3
Kuukausi;2025;1;202501;000;Työmarkkinatuki;Yhteensä;142411;22046238.11
Kuukausi;2025;1;202501;000;Yhteensä;101-200;29423;906422.82
Kuukausi;2025;1;202501;000;Yhteensä;201-300;21130;1382615.59
Kuukausi;2025;1;202501;000;Yhteensä;301-400;17781;1730243.44
Kuukausi;2025;1;202501;000;Yhteensä;401-700;32974;4503769.27
Kuukausi;2025;1;202501;000;Yhteensä;701-;92189;16604534.3
Kuukausi;2025;1;202501;000;Yhteensä;Yhteensä;190516;25127585.42
Kuukausi;2025;2;202502;000;Ansiopäiväraha;101-200;30361;1841022.03
Kuukausi;2025;2;202502;000;Ansiopäiväraha;201-300;18697;2361012.18
Kuukausi;2025;2;202502;000;Ansiopäiväraha;301-400;13493;2604357.57
Kuukausi;2025;2;202502;000;Ansiopäiväraha;401-700;5041;1229030.14
Kuukausi;2025;2;202502;000;Ansiopäiväraha;Yhteensä;62034;8035421.92
Kuukausi;2025;2;202502;000;Peruspäiväraha;101-200;10967;595160.25
Kuukausi;2025;2;202502;000;Peruspäiväraha;201-300;7322;838331.51
Kuukausi;2025;2;202502;000;Peruspäiväraha;301-400;4146;701631.9
Kuukausi;2025;2;202502;000;Peruspäiväraha;401-700;1642;352302.07
Kuukausi;2025;2;202502;000;Peruspäiväraha;Yhteensä;21620;2487425.73
Kuukausi;2025;2;202502;000;Työmarkkinatuki;101-200;9969;564820.29
Kuukausi;2025;2;202502;000;Työmarkkinatuki;201-300;7889;934632.2
Kuukausi;2025;2;202502;000;Työmarkkinatuki;301-400;9403;1702458.48
Kuukausi;2025;2;202502;000;Työmarkkinatuki;401-700;34193;9380287.24
Kuukausi;2025;2;202502;000;Työmarkkinatuki;701-;100149;35906292.16
Kuukausi;2025;2;202502;000;Työmarkkinatuki;Yhteensä;156385;48488490.37
Kuukausi;2025;2;202502;000;Yhteensä;101-200;51296;3001002.57
Kuukausi;2025;2;202502;000;Yhteensä;201-300;33900;4133975.89
Kuukausi;2025;2;202502;000;Yhteensä;301-400;26865;5008447.95
Kuukausi;2025;2;202502;000;Yhteensä;401-700;40646;10961619.45
Kuukausi;2025;2;202502;000;Yhteensä;701-;100149;35906292.16
Kuukausi;2025;2;202502;000;Yhteensä;Yhteensä;239306;59011338.02
Kuukausi;2025;3;202503;000;Ansiopäiväraha;101-200;33722;2012357.14
Kuukausi;2025;3;202503;000;Ansiopäiväraha;201-300;21201;2559019.69
Kuukausi;2025;3;202503;000;Ansiopäiväraha;301-400;15218;2854469.89
Kuukausi;2025;3;202503;000;Ansiopäiväraha;401-700;5403;1276691.02
Kuukausi;2025;3;202503;000;Ansiopäiväraha;Yhteensä;66895;8702537.74
Kuukausi;2025;3;202503;000;Peruspäiväraha;101-200;11853;680030.25
Kuukausi;2025;3;202503;000;Peruspäiväraha;201-300;7820;902632.09
Kuukausi;2025;3;202503;000;Peruspäiväraha;301-400;4497;782428.99
Kuukausi;2025;3;202503;000;Peruspäiväraha;401-700;1762;386769.26
Kuukausi;2025;3;202503;000;Peruspäiväraha;Yhteensä;23113;2751860.59
Kuukausi;2025;3;202503;000;Työmarkkinatuki;101-200;10748;643150.76
Kuukausi;2025;3;202503;000;Työmarkkinatuki;201-300;8358;1020145.31
Kuukausi;2025;3;202503;000;Työmarkkinatuki;301-400;10134;1868297.51
Kuukausi;2025;3;202503;000;Työmarkkinatuki;401-700;35258;10099090.45
Kuukausi;2025;3;202503;000;Työmarkkinatuki;701-;103076;38523179.43
Kuukausi;2025;3;202503;000;Työmarkkinatuki;Yhteensä;161263;52153863.46
Kuukausi;2025;3;202503;000;Yhteensä;101-200;56317;3335538.15
Kuukausi;2025;3;202503;000;Yhteensä;201-300;37360;4481797.09
Kuukausi;2025;3;202503;000;Yhteensä;301-400;29630;5505196.39
Kuukausi;2025;3;202503;000;Yhteensä;401-700;42134;11762550.73
Kuukausi;2025;3;202503;000;Yhteensä;701-;103076;38523179.43
Kuukausi;2025;3;202503;000;Yhteensä;Yhteensä;250310;63608261.79
Kuukausi;2025;4;202504;000;Ansiopäiväraha;101-200;32123;2027018.88
Kuukausi;2025;4;202504;000;Ansiopäiväraha;201-300;22498;2831595.31
Kuukausi;2025;4;202504;000;Ansiopäiväraha;301-400;15413;3152779.77
Kuukausi;2025;4;202504;000;Ansiopäiväraha;401-700;5663;1406711.36
Kuukausi;2025;4;202504;000;Ansiopäiväraha;Yhteensä;65962;9418105.32
Kuukausi;2025;4;202504;000;Peruspäiväraha;101-200;11803;700400.28
Kuukausi;2025;4;202504;000;Peruspäiväraha;201-300;8042;962962.99
Kuukausi;2025;4;202504;000;Peruspäiväraha;301-400;4670;847595.58
Kuukausi;2025;4;202504;000;Peruspäiväraha;401-700;1878;417798.01
Kuukausi;2025;4;202504;000;Peruspäiväraha;Yhteensä;23191;2928756.86
Kuukausi;2025;4;202504;000;Työmarkkinatuki;101-200;11125;678202.73
Kuukausi;2025;4;202504;000;Työmarkkinatuki;201-300;9148;1135731.8
Kuukausi;2025;4;202504;000;Työmarkkinatuki;301-400;10339;2035333.89
Kuukausi;2025;4;202504;000;Työmarkkinatuki;401-700;35735;10794593.24
Kuukausi;2025;4;202504;000;Työmarkkinatuki;701-;104541;41962456.78
Kuukausi;2025;4;202504;000;Työmarkkinatuki;Yhteensä;163469;56606318.44
Kuukausi;2025;4;202504;000;Yhteensä;101-200;55046;3405621.89
Kuukausi;2025;4;202504;000;Yhteensä;201-300;39674;4930290.1
Kuukausi;2025;4;202504;000;Yhteensä;301-400;30216;6035709.24
Kuukausi;2025;4;202504;000;Yhteensä;401-700;42966;12619102.61
Kuukausi;2025;4;202504;000;Yhteensä;701-;104541;41962456.78
Kuukausi;2025;4;202504;000;Yhteensä;Yhteensä;251667;68953180.62
Kuukausi;2025;5;202505;000;Ansiopäiväraha;101-200;27807;1682923.06
Kuukausi;2025;5;202505;000;Ansiopäiväraha;201-300;22050;2699689.98
Kuukausi;2025;5;202505;000;Ansiopäiväraha;301-400;14724;2843338.31
Kuukausi;2025;5;202505;000;Ansiopäiväraha;401-700;5630;1372832.64
Kuukausi;2025;5;202505;000;Ansiopäiväraha;Yhteensä;61315;8598783.99
Kuukausi;2025;5;202505;000;Peruspäiväraha;101-200;10654;612790.09
Kuukausi;2025;5;202505;000;Peruspäiväraha;201-300;8015;912913.94
Kuukausi;2025;5;202505;000;Peruspäiväraha;301-400;4501;778724.67
Kuukausi;2025;5;202505;000;Peruspäiväraha;401-700;1872;411384.1
Kuukausi;2025;5;202505;000;Peruspäiväraha;Yhteensä;22012;2715812.8
Kuukausi;2025;5;202505;000;Työmarkkinatuki;101-200;10114;599680.02
Kuukausi;2025;5;202505;000;Työmarkkinatuki;201-300;9076;1102392.67
Kuukausi;2025;5;202505;000;Työmarkkinatuki;301-400;9842;1831226.05
Kuukausi;2025;5;202505;000;Työmarkkinatuki;401-700;34892;10028926.71
Kuukausi;2025;5;202505;000;Työmarkkinatuki;701-;104396;39367882.79
Kuukausi;2025;5;202505;000;Työmarkkinatuki;Yhteensä;161678;52930108.24
Kuukausi;2025;5;202505;000;Yhteensä;101-200;48573;2895393.17
Kuukausi;2025;5;202505;000;Yhteensä;201-300;39133;4714996.59
Kuukausi;2025;5;202505;000;Yhteensä;301-400;28926;5453289.03
Kuukausi;2025;5;202505;000;Yhteensä;401-700;42129;11813143.45
Kuukausi;2025;5;202505;000;Yhteensä;701-;104396;39367882.79
Kuukausi;2025;5;202505;000;Yhteensä;Yhteensä;244186;64244705.03
Kuukausi;2025;6;202506;000;Ansiopäiväraha;101-200;24326;1497598.45
Kuukausi;2025;6;202506;000;Ansiopäiväraha;201-300;21108;2697869.59
Kuukausi;2025;6;202506;000;Ansiopäiväraha;301-400;13914;2785841.31
Kuukausi;2025;6;202506;000;Ansiopäiväraha;401-700;5500;1389137.27
Kuukausi;2025;6;202506;000;Ansiopäiväraha;Yhteensä;56441;8370446.62
Kuukausi;2025;6;202506;000;Peruspäiväraha;101-200;9908;573510.91
Kuukausi;2025;6;202506;000;Peruspäiväraha;201-300;7923;940073.65
Kuukausi;2025;6;202506;000;Peruspäiväraha;301-400;4434;782820.94
Kuukausi;2025;6;202506;000;Peruspäiväraha;401-700;1913;422111.07
Kuukausi;2025;6;202506;000;Peruspäiväraha;Yhteensä;21158;2718516.57
Kuukausi;2025;6;202506;000;Työmarkkinatuki;101-200;10314;610218.75
Kuukausi;2025;6;202506;000;Työmarkkinatuki;201-300;9241;1173639.59
Kuukausi;2025;6;202506;000;Työmarkkinatuki;301-400;9611;1849914.12
Kuukausi;2025;6;202506;000;Työmarkkinatuki;401-700;34366;10017096.28
Kuukausi;2025;6;202506;000;Työmarkkinatuki;701-;105293;40833337.25
Kuukausi;2025;6;202506;000;Työmarkkinatuki;Yhteensä;162169;54484205.99
Kuukausi;2025;6;202506;000;Yhteensä;101-200;44544;2681328.11
Kuukausi;2025;6;202506;000;Yhteensä;201-300;38265;4811582.83
Kuukausi;2025;6;202506;000;Yhteensä;301-400;27803;5418576.37
Kuukausi;2025;6;202506;000;Yhteensä;401-700;41488;11828344.62
Kuukausi;2025;6;202506;000;Yhteensä;701-;105293;40833337.25
Kuukausi;2025;6;202506;000;Yhteensä;Yhteensä;238960;65573169.18
Kuukausi;2025;7;202507;000;Ansiopäiväraha;101-200;22556;1464003.09
Kuukausi;2025;7;202507;000;Ansiopäiväraha;201-300;21374;2926979.81
Kuukausi;2025;7;202507;000;Ansiopäiväraha;301-400;13570;2868488.45
Kuukausi;2025;7;202507;000;Ansiopäiväraha;401-700;5479;1417686.21
Kuukausi;2025;7;202507;000;Ansiopäiväraha;Yhteensä;54463;8677157.56
Kuukausi;2025;7;202507;000;Peruspäiväraha;101-200;9417;594682.75
Kuukausi;2025;7;202507;000;Peruspäiväraha;201-300;8088;1023807.09
Kuukausi;2025;7;202507;000;Peruspäiväraha;301-400;4399;812382.27
Kuukausi;2025;7;202507;000;Peruspäiväraha;401-700;1907;450857.25
Kuukausi;2025;7;202507;000;Peruspäiväraha;Yhteensä;20821;2881729.36
Kuukausi;2025;7;202507;000;Työmarkkinatuki;101-200;10558;653544.9
Kuukausi;2025;7;202507;000;Työmarkkinatuki;201-300;9645;1268183.17
Kuukausi;2025;7;202507;000;Työmarkkinatuki;301-400;9811;1981903.16
Kuukausi;2025;7;202507;000;Työmarkkinatuki;401-700;34372;10735635.66
Kuukausi;2025;7;202507;000;Työmarkkinatuki;701-;107422;45051175.27
Kuukausi;2025;7;202507;000;Työmarkkinatuki;Yhteensä;164412;59690442.16
Kuukausi;2025;7;202507;000;Yhteensä;101-200;42526;2712230.74
Kuukausi;2025;7;202507;000;Yhteensä;201-300;39093;5218970.07
Kuukausi;2025;7;202507;000;Yhteensä;301-400;27614;5662773.88
Kuukausi;2025;7;202507;000;Yhteensä;401-700;41442;12604179.12
Kuukausi;2025;7;202507;000;Yhteensä;701-;107422;45051175.27
Kuukausi;2025;7;202507;000;Yhteensä;Yhteensä;238776;71249329.08
Kuukausi;2025;8;202508;000;Ansiopäiväraha;101-200;21547;1375031.75
Kuukausi;2025;8;202508;000;Ansiopäiväraha;201-300;21605;2904839.6
Kuukausi;2025;8;202508;000;Ansiopäiväraha;301-400;13536;2663880.32
Kuukausi;2025;8;202508;000;Ansiopäiväraha;401-700;5508;1378283.09
Kuukausi;2025;8;202508;000;Ansiopäiväraha;Yhteensä;53936;8322034.76
Kuukausi;2025;8;202508;000;Peruspäiväraha;101-200;8836;535871.57
Kuukausi;2025;8;202508;000;Peruspäiväraha;201-300;7825;964720.8
Kuukausi;2025;8;202508;000;Peruspäiväraha;301-400;4255;744660.57
Kuukausi;2025;8;202508;000;Peruspäiväraha;401-700;1856;417977.87
Kuukausi;2025;8;202508;000;Peruspäiväraha;Yhteensä;20054;2663230.81
Kuukausi;2025;8;202508;000;Työmarkkinatuki;101-200;10079;607145.01
Kuukausi;2025;8;202508;000;Työmarkkinatuki;201-300;9336;1154349.99
Kuukausi;2025;8;202508;000;Työmarkkinatuki;301-400;9797;1838281.78
Kuukausi;2025;8;202508;000;Työmarkkinatuki;401-700;33371;9637373.38
Kuukausi;2025;8;202508;000;Työmarkkinatuki;701-;106921;40768839.42
Kuukausi;2025;8;202508;000;Työmarkkinatuki;Yhteensä;162615;54005989.58
Kuukausi;2025;8;202508;000;Yhteensä;101-200;40457;2518048.33
Kuukausi;2025;8;202508;000;Yhteensä;201-300;38761;5023910.39
Kuukausi;2025;8;202508;000;Yhteensä;301-400;27401;5246822.67
Kuukausi;2025;8;202508;000;Yhteensä;401-700;40463;11433634.34
Kuukausi;2025;8;202508;000;Yhteensä;701-;106921;40768839.42
Kuukausi;2025;8;202508;000;Yhteensä;Yhteensä;235750;64991255.15
Kuukausi;2025;9;202509;000;Ansiopäiväraha;101-200;20138;1327518.67
Kuukausi;2025;9;202509;000;Ansiopäiväraha;201-300;20921;2819234.32
Kuukausi;2025;9;202509;000;Ansiopäiväraha;301-400;14354;2866881.22
Kuukausi;2025;9;202509;000;Ansiopäiväraha;401-700;5367;1360965.8
Kuukausi;2025;9;202509;000;Ansiopäiväraha;Yhteensä;52276;8374600.01
Kuukausi;2025;9;202509;000;Peruspäiväraha;101-200;8165;501192.08
Kuukausi;2025;9;202509;000;Peruspäiväraha;201-300;7590;926125.72
Kuukausi;2025;9;202509;000;Peruspäiväraha;301-400;4307;763916.39
Kuukausi;2025;9;202509;000;Peruspäiväraha;401-700;1859;429470.95
Kuukausi;2025;9;202509;000;Peruspäiväraha;Yhteensä;19285;2620705.14
Kuukausi;2025;9;202509;000;Työmarkkinatuki;101-200;9700;582083.57
Kuukausi;2025;9;202509;000;Työmarkkinatuki;201-300;9029;1120321.22
Kuukausi;2025;9;202509;000;Työmarkkinatuki;301-400;10086;1919313.37
Kuukausi;2025;9;202509;000;Työmarkkinatuki;401-700;32832;9526665.73
Kuukausi;2025;9;202509;000;Työmarkkinatuki;701-;108146;42047460.1
Kuukausi;2025;9;202509;000;Työmarkkinatuki;Yhteensä;162727;55195843.99
Kuukausi;2025;9;202509;000;Yhteensä;101-200;37998;2410794.32
Kuukausi;2025;9;202509;000;Yhteensä;201-300;37526;4865681.26
Kuukausi;2025;9;202509;000;Yhteensä;301-400;28508;5550110.98
Kuukausi;2025;9;202509;000;Yhteensä;401-700;39737;11317102.48
Kuukausi;2025;9;202509;000;Yhteensä;701-;108146;42047460.1
Kuukausi;2025;9;202509;000;Yhteensä;Yhteensä;233288;66191149.14
Kuukausi;2026;1;202601;000;Ansiopäiväraha;101-200;19658;1183121.87
Kuukausi;2026;1;202601;000;Ansiopäiväraha;201-300;16646;2146704.01
Kuukausi;2026;1;202601;000;Ansiopäiväraha;301-400;16816;3371155.58
Kuukausi;2026;1;202601;000;Ansiopäiväraha;401-700;6057;1427533.94
Kuukausi;2026;1;202601;000;Ansiopäiväraha;Yhteensä;51774;8128515.4
Kuukausi;2026;1;202601;000;Peruspäiväraha;101-200;8593;504046.42
Kuukausi;2026;1;202601;000;Peruspäiväraha;201-300;7285;919181.87
Kuukausi;2026;1;202601;000;Peruspäiväraha;301-400;4760;847162.49
Kuukausi;2026;1;202601;000;Peruspäiväraha;401-700;1958;439738.85
Kuukausi;2026;1;202601;000;Peruspäiväraha;Yhteensä;19883;2710129.63
Kuukausi;2026;1;202601;000;Työmarkkinatuki;101-200;11869;709348.78
Kuukausi;2026;1;202601;000;Työmarkkinatuki;201-300;9168;1141596.3
Kuukausi;2026;1;202601;000;Työmarkkinatuki;301-400;11706;2282586.12
Kuukausi;2026;1;202601;000;Työmarkkinatuki;401-700;47250;13869272.02
Kuukausi;2026;1;202601;000;Työmarkkinatuki;701-;115483;44635467.36
Kuukausi;2026;1;202601;000;Työmarkkinatuki;Yhteensä;187628;62638270.58
Kuukausi;2026;1;202601;000;Yhteensä;101-200;40114;2396517.07
Kuukausi;2026;1;202601;000;Yhteensä;201-300;33088;4207482.18
Kuukausi;2026;1;202601;000;Yhteensä;301-400;33042;6500904.19
Kuukausi;2026;1;202601;000;Yhteensä;401-700;54688;15736544.81
Kuukausi;2026;1;202601;000;Yhteensä;701-;115483;44635467.36
Kuukausi;2026;1;202601;000;Yhteensä;Yhteensä;257764;73476915.61
Kuukausi;2026;2;202602;000;Ansiopäiväraha;101-200;20042;1170780.33
Kuukausi;2026;2;202602;000;Ansiopäiväraha;201-300;15369;1951531.4
Kuukausi;2026;2;202602;000;Ansiopäiväraha;301-400;15490;3049334.2
Kuukausi;2026;2;202602;000;Ansiopäiväraha;401-700;6090;1431485.79
Kuukausi;2026;2;202602;000;Ansiopäiväraha;Yhteensä;50334;7603131.72
Kuukausi;2026;2;202602;000;Peruspäiväraha;101-200;8499;479909.87
Kuukausi;2026;2;202602;000;Peruspäiväraha;201-300;6739;817621.36
Kuukausi;2026;2;202602;000;Peruspäiväraha;301-400;4625;806431.36
Kuukausi;2026;2;202602;000;Peruspäiväraha;401-700;1921;422105.05
Kuukausi;2026;2;202602;000;Peruspäiväraha;Yhteensä;19367;2526067.64
Kuukausi;2026;2;202602;000;Työmarkkinatuki;101-200;11619;676007.86
Kuukausi;2026;2;202602;000;Työmarkkinatuki;201-300;8846;1067877.51
Kuukausi;2026;2;202602;000;Työmarkkinatuki;301-400;10842;2003621.33
Kuukausi;2026;2;202602;000;Työmarkkinatuki;401-700;46928;13328000.2
Kuukausi;2026;2;202602;000;Työmarkkinatuki;701-;114877;41964414.03
Kuukausi;2026;2;202602;000;Työmarkkinatuki;Yhteensä;185912;59039920.93
Kuukausi;2026;2;202602;000;Yhteensä;101-200;40157;2326698.06
Kuukausi;2026;2;202602;000;Yhteensä;201-300;30943;3837030.27
Kuukausi;2026;2;202602;000;Yhteensä;301-400;30757;5859386.89
Kuukausi;2026;2;202602;000;Yhteensä;401-700;54539;15181591.04
Kuukausi;2026;2;202602;000;Yhteensä;701-;114877;41964414.03
Kuukausi;2026;2;202602;000;Yhteensä;Yhteensä;254458;69169120.29
Kuukausi;2026;3;202603;000;Ansiopäiväraha;101-200;22039;1287374.07
Kuukausi;2026;3;202603;000;Ansiopäiväraha;201-300;15564;1982177.22
Kuukausi;2026;3;202603;000;Ansiopäiväraha;301-400;15233;2971354.95
Kuukausi;2026;3;202603;000;Ansiopäiväraha;401-700;6482;1553714.93
Kuukausi;2026;3;202603;000;Ansiopäiväraha;Yhteensä;52260;7794621.17
Kuukausi;2026;3;202603;000;Peruspäiväraha;101-200;9417;547294.22
Kuukausi;2026;3;202603;000;Peruspäiväraha;201-300;6976;862223.44
Kuukausi;2026;3;202603;000;Peruspäiväraha;301-400;4771;851227.4
Kuukausi;2026;3;202603;000;Peruspäiväraha;401-700;2006;445146.75
Kuukausi;2026;3;202603;000;Peruspäiväraha;Yhteensä;20506;2705891.81
Kuukausi;2026;3;202603;000;Työmarkkinatuki;101-200;12593;777853.16
Kuukausi;2026;3;202603;000;Työmarkkinatuki;201-300;9414;1175081.31
Kuukausi;2026;3;202603;000;Työmarkkinatuki;301-400;11342;2168074.79
Kuukausi;2026;3;202603;000;Työmarkkinatuki;401-700;50069;15002557.5
Kuukausi;2026;3;202603;000;Työmarkkinatuki;701-;119347;45738024.01
Kuukausi;2026;3;202603;000;Työmarkkinatuki;Yhteensä;194625;64861590.77
Kuukausi;2026;3;202603;000;Yhteensä;101-200;44040;2612521.45
Kuukausi;2026;3;202603;000;Yhteensä;201-300;31940;4019481.97
Kuukausi;2026;3;202603;000;Yhteensä;301-400;31110;5990657.14
Kuukausi;2026;3;202603;000;Yhteensä;401-700;58055;17001419.18
Kuukausi;2026;3;202603;000;Yhteensä;701-;119347;45738024.01
Kuukausi;2026;3;202603;000;Yhteensä;Yhteensä;265952;75362103.75
Kuukausi;2026;4;202604;000;Ansiopäiväraha;101-200;22894;1111207.21
Kuukausi;2026;4;202604;000;Ansiopäiväraha;201-300;15217;1661590.9
Kuukausi;2026;4;202604;000;Ansiopäiväraha;301-400;14408;2605104.87
Kuukausi;2026;4;202604;000;Ansiopäiväraha;401-700;6749;1538913.36
Kuukausi;2026;4;202604;000;Ansiopäiväraha;Yhteensä;51550;6916816.34
Kuukausi;2026;4;202604;000;Peruspäiväraha;101-200;9979;576461.11
Kuukausi;2026;4;202604;000;Peruspäiväraha;201-300;7029;867049.76
Kuukausi;2026;4;202604;000;Peruspäiväraha;301-400;4788;880020.79
Kuukausi;2026;4;202604;000;Peruspäiväraha;401-700;2040;469785.61
Kuukausi;2026;4;202604;000;Peruspäiväraha;Yhteensä;20786;2793317.27
Kuukausi;2026;4;202604;000;Työmarkkinatuki;101-200;13087;790925.12
Kuukausi;2026;4;202604;000;Työmarkkinatuki;201-300;10316;1267473.37
Kuukausi;2026;4;202604;000;Työmarkkinatuki;301-400;11388;2231244.66
Kuukausi;2026;4;202604;000;Työmarkkinatuki;401-700;51625;15869684.57
Kuukausi;2026;4;202604;000;Työmarkkinatuki;701-;121439;48987367.39
Kuukausi;2026;4;202604;000;Työmarkkinatuki;Yhteensä;198741;69146695.11
Kuukausi;2026;4;202604;000;Yhteensä;101-200;45952;2478593.44
Kuukausi;2026;4;202604;000;Yhteensä;201-300;32547;3796114.03
Kuukausi;2026;4;202604;000;Yhteensä;301-400;30363;5716370.32
Kuukausi;2026;4;202604;000;Yhteensä;401-700;59786;17878383.54
Kuukausi;2026;4;202604;000;Yhteensä;701-;121439;48987367.39
Kuukausi;2026;4;202604;000;Yhteensä;Yhteensä;269433;78856828.72
Kuukausi;2026;5;202605;000;Ansiopäiväraha;101-200;20897;1198909.28
Kuukausi;2026;5;202605;000;Ansiopäiväraha;201-300;13784;1676822.8
Kuukausi;2026;5;202605;000;Ansiopäiväraha;301-400;12644;2345717.88
Kuukausi;2026;5;202605;000;Ansiopäiväraha;401-700;6352;1539300.35
Kuukausi;2026;5;202605;000;Ansiopäiväraha;Yhteensä;47485;6760750.31
Kuukausi;2026;5;202605;000;Peruspäiväraha;101-200;8364;329249.75
Kuukausi;2026;5;202605;000;Peruspäiväraha;201-300;5959;485492.37
Kuukausi;2026;5;202605;000;Peruspäiväraha;301-400;4084;495747.94
Kuukausi;2026;5;202605;000;Peruspäiväraha;401-700;1796;279741.18
Kuukausi;2026;5;202605;000;Peruspäiväraha;Yhteensä;18570;1590231.24
Kuukausi;2026;5;202605;000;Työmarkkinatuki;101-200;11216;478493.72
Kuukausi;2026;5;202605;000;Työmarkkinatuki;201-300;9418;813223.23
Kuukausi;2026;5;202605;000;Työmarkkinatuki;301-400;10001;1333481.55
Kuukausi;2026;5;202605;000;Työmarkkinatuki;401-700;48774;9667159.81
Kuukausi;2026;5;202605;000;Työmarkkinatuki;701-;118898;28554318.21
Kuukausi;2026;5;202605;000;Työmarkkinatuki;Yhteensä;193064;40846676.52
Kuukausi;2026;5;202605;000;Yhteensä;101-200;41498;2368195.65
Kuukausi;2026;5;202605;000;Yhteensä;201-300;30060;3602988.71
Kuukausi;2026;5;202605;000;Yhteensä;301-400;27468;5062271.05
Kuukausi;2026;5;202605;000;Yhteensä;401-700;57427;16140167.5
Kuukausi;2026;5;202605;000;Yhteensä;701-;120096;44363726.98
Kuukausi;2026;5;202605;000;Yhteensä;Yhteensä;259687;71537349.89
Kuukausi;2026;5;202605;000;Yleistuki työttömyyden perusteella;101-200;13940;361542.9
Kuukausi;2026;5;202605;000;Yleistuki työttömyyden perusteella;201-300;11204;627450.31
Kuukausi;2026;5;202605;000;Yleistuki työttömyyden perusteella;301-400;10497;887323.68
Kuukausi;2026;5;202605;000;Yleistuki työttömyyden perusteella;401-700;38985;4653966.16
Kuukausi;2026;5;202605;000;Yleistuki työttömyyden perusteella;701-;101295;15809408.77
Kuukausi;2026;5;202605;000;Yleistuki työttömyyden perusteella;Yhteensä;172930;22339691.82
Kuukausi;2026;6;202606;000;Ansiopäiväraha;101-200;18878;1113182.82
Kuukausi;2026;6;202606;000;Ansiopäiväraha;201-300;13026;1637965.68
Kuukausi;2026;6;202606;000;Ansiopäiväraha;301-400;11295;2241998.18
Kuukausi;2026;6;202606;000;Ansiopäiväraha;401-700;5798;1505935.25
Kuukausi;2026;6;202606;000;Ansiopäiväraha;Yhteensä;43188;6499081.93
Kuukausi;2026;6;202606;000;Peruspäiväraha;101-200;1543;30609.29
Kuukausi;2026;6;202606;000;Peruspäiväraha;201-300;1056;42017.32
Kuukausi;2026;6;202606;000;Peruspäiväraha;301-400;608;36247.18
Kuukausi;2026;6;202606;000;Peruspäiväraha;401-700;286;18851.09
Kuukausi;2026;6;202606;000;Peruspäiväraha;Yhteensä;3363;127724.88
Kuukausi;2026;6;202606;000;Työmarkkinatuki;101-200;2130;48373.88
Kuukausi;2026;6;202606;000;Työmarkkinatuki;201-300;1892;73776.61
Kuukausi;2026;6;202606;000;Työmarkkinatuki;301-400;1782;126259.06
Kuukausi;2026;6;202606;000;Työmarkkinatuki;401-700;8668;865208.52
Kuukausi;2026;6;202606;000;Työmarkkinatuki;701-;14684;1388858.93
Kuukausi;2026;6;202606;000;Työmarkkinatuki;Yhteensä;28745;2502477
Kuukausi;2026;6;202606;000;Yhteensä;101-200;39263;2276053.2
Kuukausi;2026;6;202606;000;Yhteensä;201-300;29230;3628577.71
Kuukausi;2026;6;202606;000;Yhteensä;301-400;25690;4955884.08
Kuukausi;2026;6;202606;000;Yhteensä;401-700;55994;16203126.9
Kuukausi;2026;6;202606;000;Yhteensä;701-;121231;45988020.41
Kuukausi;2026;6;202606;000;Yhteensä;Yhteensä;254848;73051662.3
Kuukausi;2026;6;202606;000;Yleistuki työttömyyden perusteella;101-200;19888;1083887.21
Kuukausi;2026;6;202606;000;Yleistuki työttömyyden perusteella;201-300;15894;1874818.1
Kuukausi;2026;6;202606;000;Yleistuki työttömyyden perusteella;301-400;14125;2551379.66
Kuukausi;2026;6;202606;000;Yleistuki työttömyyden perusteella;401-700;49648;13813132.04
Kuukausi;2026;6;202606;000;Yleistuki työttömyyden perusteella;701-;120589;44599161.48
Kuukausi;2026;6;202606;000;Yleistuki työttömyyden perusteella;Yhteensä;210108;63922378.49
Kuukausi;2026;7;202607;000;Ansiopäiväraha;101-200;18763;1127546.37
Kuukausi;2026;7;202607;000;Ansiopäiväraha;201-300;13114;1677743.95
Kuukausi;2026;7;202607;000;Ansiopäiväraha;301-400;10658;2120521.68
Kuukausi;2026;7;202607;000;Ansiopäiväraha;401-700;5577;1447887.48
Kuukausi;2026;7;202607;000;Ansiopäiväraha;Yhteensä;42239;6373699.48
Kuukausi;2026;7;202607;000;Peruspäiväraha;101-200;163;1452.82
Kuukausi;2026;7;202607;000;Peruspäiväraha;201-300;82;-369.28
Kuukausi;2026;7;202607;000;Peruspäiväraha;301-400;51;5299.33
Kuukausi;2026;7;202607;000;Peruspäiväraha;401-700;23;893.61
Kuukausi;2026;7;202607;000;Peruspäiväraha;Yhteensä;291;7276.48
Kuukausi;2026;7;202607;000;Työmarkkinatuki;101-200;200;7686.77
Kuukausi;2026;7;202607;000;Työmarkkinatuki;201-300;151;9235.77
Kuukausi;2026;7;202607;000;Työmarkkinatuki;301-400;137;14371.79
Kuukausi;2026;7;202607;000;Työmarkkinatuki;401-700;695;102674.36
Kuukausi;2026;7;202607;000;Työmarkkinatuki;701-;922;96266.18
Kuukausi;2026;7;202607;000;Työmarkkinatuki;Yhteensä;2024;230234.87
Kuukausi;2026;7;202607;000;Yhteensä;101-200;38937;2360530.6
Kuukausi;2026;7;202607;000;Yhteensä;201-300;29566;3807924.35
Kuukausi;2026;7;202607;000;Yhteensä;301-400;24863;4975679.01
Kuukausi;2026;7;202607;000;Yhteensä;401-700;54778;16834103.91
Kuukausi;2026;7;202607;000;Yhteensä;701-;123306;51368072.89
Kuukausi;2026;7;202607;000;Yhteensä;Yhteensä;254047;79346310.76
Kuukausi;2026;7;202607;000;Yleistuki työttömyyden perusteella;101-200;20086;1223844.64
Kuukausi;2026;7;202607;000;Yleistuki työttömyyden perusteella;201-300;16415;2121313.91
Kuukausi;2026;7;202607;000;Yleistuki työttömyyden perusteella;301-400;14177;2835486.21
Kuukausi;2026;7;202607;000;Yleistuki työttömyyden perusteella;401-700;49160;15282648.46
Kuukausi;2026;7;202607;000;Yleistuki työttömyyden perusteella;701-;123231;51271806.71
Kuukausi;2026;7;202607;000;Yleistuki työttömyyden perusteella;Yhteensä;211707;72735099.93
Kuukausi;2026;8;202608;000;Ansiopäiväraha;101-200;19026;1173645.01
Kuukausi;2026;8;202608;000;Ansiopäiväraha;201-300;13226;1685741.99
Kuukausi;2026;8;202608;000;Ansiopäiväraha;301-400;10153;2010426.74
Kuukausi;2026;8;202608;000;Ansiopäiväraha;401-700;5353;1388073.74
Kuukausi;2026;8;202608;000;Ansiopäiväraha;Yhteensä;41903;6257887.48
Kuukausi;2026;8;202608;000;Peruspäiväraha;101-200;57;1707.42
Kuukausi;2026;8;202608;000;Peruspäiväraha;201-300;30;106.55
Kuukausi;2026;8;202608;000;Peruspäiväraha;301-400;12;-2268.09
Kuukausi;2026;8;202608;000;Peruspäiväraha;401-700;15;5911.18
Kuukausi;2026;8;202608;000;Peruspäiväraha;Yhteensä;104;5457.06
Kuukausi;2026;8;202608;000;Työmarkkinatuki;101-200;55;-43.71
Kuukausi;2026;8;202608;000;Työmarkkinatuki;201-300;56;1698.28
Kuukausi;2026;8;202608;000;Työmarkkinatuki;301-400;70;8543.22
Kuukausi;2026;8;202608;000;Työmarkkinatuki;401-700;230;24201.37
Kuukausi;2026;8;202608;000;Työmarkkinatuki;701-;224;-63303.26
Kuukausi;2026;8;202608;000;Työmarkkinatuki;Yhteensä;602;-28904.1
Kuukausi;2026;8;202608;000;Yhteensä;101-200;38432;2322078.34
Kuukausi;2026;8;202608;000;Yhteensä;201-300;29386;3647017
Kuukausi;2026;8;202608;000;Yhteensä;301-400;24310;4627524.13
Kuukausi;2026;8;202608;000;Yhteensä;401-700;54617;16043561.52
Kuukausi;2026;8;202608;000;Yhteensä;701-;123310;46430772.12
Kuukausi;2026;8;202608;000;Yhteensä;Yhteensä;252986;73070953.11
Kuukausi;2026;8;202608;000;Yleistuki työttömyyden perusteella;101-200;19372;1146769.62
Kuukausi;2026;8;202608;000;Yleistuki työttömyyden perusteella;201-300;16146;1959470.18
Kuukausi;2026;8;202608;000;Yleistuki työttömyyden perusteella;301-400;14161;2610822.26
Kuukausi;2026;8;202608;000;Yleistuki työttömyyden perusteella;401-700;49497;14625375.23
Kuukausi;2026;8;202608;000;Yleistuki työttömyyden perusteella;701-;123286;46494075.38
Kuukausi;2026;8;202608;000;Yleistuki työttömyyden perusteella;Yhteensä;211575;66836512.67
Vuosikertymä;2025;10;202510;000;Ansiopäiväraha;101-200;73513;14894100.74
Vuosikertymä;2025;10;202510;000;Ansiopäiväraha;201-300;58354;24955877.57
Vuosikertymä;2025;10;202510;000;Ansiopäiväraha;301-400;41774;26380376.83
Vuosikertymä;2025;10;202510;000;Ansiopäiväraha;401-700;16991;12527481.79
Vuosikertymä;2025;10;202510;000;Ansiopäiväraha;Yhteensä;112705;78757836.93
Vuosikertymä;2025;10;202510;000;Peruspäiväraha;101-200;29812;5561492.42
Vuosikertymä;2025;10;202510;000;Peruspäiväraha;201-300;22654;8850665.92
Vuosikertymä;2025;10;202510;000;Peruspäiväraha;301-400;13484;7372219.5
Vuosikertymä;2025;10;202510;000;Peruspäiväraha;401-700;5415;3932085.53
Vuosikertymä;2025;10;202510;000;Peruspäiväraha;Yhteensä;43087;25716463.37
Vuosikertymä;2025;10;202510;000;Työmarkkinatuki;101-200;30032;5807788.09
Vuosikertymä;2025;10;202510;000;Työmarkkinatuki;201-300;25350;10538110.34
Vuosikertymä;2025;10;202510;000;Työmarkkinatuki;301-400;29459;18437520.31
Vuosikertymä;2025;10;202510;000;Työmarkkinatuki;401-700;68207;104862782.89
Vuosikertymä;2025;10;202510;000;Työmarkkinatuki;701-;133561;388756215.01
Vuosikertymä;2025;10;202510;000;Työmarkkinatuki;Yhteensä;219168;528402416.64
Vuosikertymä;2025;10;202510;000;Yhteensä;101-200;133171;26263381.25
Vuosikertymä;2025;10;202510;000;Yhteensä;201-300;106159;44344653.83
Vuosikertymä;2025;10;202510;000;Yhteensä;301-400;82099;52190116.64
Vuosikertymä;2025;10;202510;000;Yhteensä;401-700;85330;121322350.21
Vuosikertymä;2025;10;202510;000;Yhteensä;701-;133561;388756215.01
Vuosikertymä;2025;10;202510;000;Yhteensä;Yhteensä;359340;632876716.94
Vuosikertymä;2025;11;202511;000;Ansiopäiväraha;101-200;77365;16009721.46
Vuosikertymä;2025;11;202511;000;Ansiopäiväraha;201-300;61859;27245939.17
Vuosikertymä;2025;11;202511;000;Ansiopäiväraha;301-400;45469;29358224.58
Vuosikertymä;2025;11;202511;000;Ansiopäiväraha;401-700;18400;13847013.73
Vuosikertymä;2025;11;202511;000;Ansiopäiväraha;Yhteensä;116513;86460898.94
Vuosikertymä;2025;11;202511;000;Peruspäiväraha;101-200;31521;5985476.42
Vuosikertymä;2025;11;202511;000;Peruspäiväraha;201-300;24152;9646445.87
Vuosikertymä;2025;11;202511;000;Peruspäiväraha;301-400;14509;8082257.46
Vuosikertymä;2025;11;202511;000;Peruspäiväraha;401-700;5798;4342961.26
Vuosikertymä;2025;11;202511;000;Peruspäiväraha;Yhteensä;44843;28057141.01
Vuosikertymä;2025;11;202511;000;Työmarkkinatuki;101-200;32895;6368039.81
Vuosikertymä;2025;11;202511;000;Työmarkkinatuki;201-300;27195;11540465.5
Vuosikertymä;2025;11;202511;000;Työmarkkinatuki;301-400;32781;20917293.58
Vuosikertymä;2025;11;202511;000;Työmarkkinatuki;401-700;80542;123736946.19
Vuosikertymä;2025;11;202511;000;Työmarkkinatuki;701-;136432;426673801.07
Vuosikertymä;2025;11;202511;000;Työmarkkinatuki;Yhteensä;234678;589236546.15
Vuosikertymä;2025;11;202511;000;Yhteensä;101-200;141545;28363237.69
Vuosikertymä;2025;11;202511;000;Yhteensä;201-300;112954;48432850.54
Vuosikertymä;2025;11;202511;000;Yhteensä;301-400;89301;58357775.62
Vuosikertymä;2025;11;202511;000;Yhteensä;401-700;95084;141926921.18
Vuosikertymä;2025;11;202511;000;Yhteensä;701-;136432;426673801.07
Vuosikertymä;2025;11;202511;000;Yhteensä;Yhteensä;369308;703754586.1
Vuosikertymä;2025;12;202512;000;Ansiopäiväraha;101-200;81625;17372680.54
Vuosikertymä;2025;12;202512;000;Ansiopäiväraha;201-300;65452;29621874.65
Vuosikertymä;2025;12;202512;000;Ansiopäiväraha;301-400;49109;32813477.4
Vuosikertymä;2025;12;202512;000;Ansiopäiväraha;401-700;19916;15267192.76
Vuosikertymä;2025;12;202512;000;Ansiopäiväraha;Yhteensä;120710;95075225.35
Vuosikertymä;2025;12;202512;000;Peruspäiväraha;101-200;33439;6497063.22
Vuosikertymä;2025;12;202512;000;Peruspäiväraha;201-300;25585;10614556.14
Vuosikertymä;2025;12;202512;000;Peruspäiväraha;301-400;15625;8946843.17
Vuosikertymä;2025;12;202512;000;Peruspäiväraha;401-700;6237;4744384.16
Vuosikertymä;2025;12;202512;000;Peruspäiväraha;Yhteensä;46814;30802846.69
Vuosikertymä;2025;12;202512;000;Työmarkkinatuki;101-200;35770;7080702.57
Vuosikertymä;2025;12;202512;000;Työmarkkinatuki;201-300;29225;12717490.04
Vuosikertymä;2025;12;202512;000;Työmarkkinatuki;301-400;35384;23335485.76
Vuosikertymä;2025;12;202512;000;Työmarkkinatuki;401-700;85514;138405472.66
Vuosikertymä;2025;12;202512;000;Työmarkkinatuki;701-;139692;473716014.55
Vuosikertymä;2025;12;202512;000;Työmarkkinatuki;Yhteensä;242246;655255165.58
Vuosikertymä;2025;12;202512;000;Yhteensä;101-200;150527;30950446.33
Vuosikertymä;2025;12;202512;000;Yhteensä;201-300;119957;52953920.83
Vuosikertymä;2025;12;202512;000;Yhteensä;301-400;96184;65095806.33
Vuosikertymä;2025;12;202512;000;Yhteensä;401-700;100716;158417049.58
Vuosikertymä;2025;12;202512;000;Yhteensä;701-;139692;473716014.55
Vuosikertymä;2025;12;202512;000;Yhteensä;Yhteensä;379497;781133237.62
Vuosikertymä;2025;1;202501;000;Ansiopäiväraha;101-200;13088;446354.78
Vuosikertymä;2025;1;202501;000;Ansiopäiväraha;201-300;8696;592986.18
Vuosikertymä;2025;1;202501;000;Ansiopäiväraha;301-400;6843;693277.05
Vuosikertymä;2025;1;202501;000;Ansiopäiväraha;401-700;2206;294364.64
Vuosikertymä;2025;1;202501;000;Ansiopäiväraha;Yhteensä;30742;2026982.65
Vuosikertymä;2025;1;202501;000;Peruspäiväraha;101-200;8249;236107.82
Vuosikertymä;2025;1;202501;000;Peruspäiväraha;201-300;5861;371543.14
Vuosikertymä;2025;1;202501;000;Peruspäiväraha;301-400;3220;297712.42
Vuosikertymä;2025;1;202501;000;Peruspäiväraha;401-700;1237;149001.28
Vuosikertymä;2025;1;202501;000;Peruspäiväraha;Yhteensä;17648;1054364.66
Vuosikertymä;2025;1;202501;000;Työmarkkinatuki;101-200;8090;223960.22
Vuosikertymä;2025;1;202501;000;Työmarkkinatuki;201-300;6577;418086.27
Vuosikertymä;2025;1;202501;000;Työmarkkinatuki;301-400;7788;739253.97
Vuosikertymä;2025;1;202501;000;Työmarkkinatuki;401-700;29618;4060403.35
Vuosikertymä;2025;1;202501;000;Työmarkkinatuki;701-;92189;16604534.3
Vuosikertymä;2025;1;202501;000;Työmarkkinatuki;Yhteensä;142411;22046238.11
Vuosikertymä;2025;1;202501;000;Yhteensä;101-200;29423;906422.82
Vuosikertymä;2025;1;202501;000;Yhteensä;201-300;21130;1382615.59
Vuosikertymä;2025;1;202501;000;Yhteensä;301-400;17781;1730243.44
Vuosikertymä;2025;1;202501;000;Yhteensä;401-700;32974;4503769.27
Vuosikertymä;2025;1;202501;000;Yhteensä;701-;92189;16604534.3
Vuosikertymä;2025;1;202501;000;Yhteensä;Yhteensä;190516;25127585.42
Vuosikertymä;2025;2;202502;000;Ansiopäiväraha;101-200;32752;2287376.81
Vuosikertymä;2025;2;202502;000;Ansiopäiväraha;201-300;20057;2953998.36
Vuosikertymä;2025;2;202502;000;Ansiopäiväraha;301-400;14821;3297634.62
Vuosikertymä;2025;2;202502;000;Ansiopäiväraha;401-700;5573;1523394.78
Vuosikertymä;2025;2;202502;000;Ansiopäiväraha;Yhteensä;67322;10062404.57
Vuosikertymä;2025;2;202502;000;Peruspäiväraha;101-200;12783;831268.07
Vuosikertymä;2025;2;202502;000;Peruspäiväraha;201-300;8449;1209874.65
Vuosikertymä;2025;2;202502;000;Peruspäiväraha;301-400;4693;999344.32
Vuosikertymä;2025;2;202502;000;Peruspäiväraha;401-700;1864;501303.35
Vuosikertymä;2025;2;202502;000;Peruspäiväraha;Yhteensä;24278;3541790.39
Vuosikertymä;2025;2;202502;000;Työmarkkinatuki;101-200;11560;788780.51
Vuosikertymä;2025;2;202502;000;Työmarkkinatuki;201-300;9036;1352718.47
Vuosikertymä;2025;2;202502;000;Työmarkkinatuki;301-400;10675;2441712.45
Vuosikertymä;2025;2;202502;000;Työmarkkinatuki;401-700;37253;13440690.59
Vuosikertymä;2025;2;202502;000;Työmarkkinatuki;701-;105197;52510826.46
Vuosikertymä;2025;2;202502;000;Työmarkkinatuki;Yhteensä;166351;70534728.48
Vuosikertymä;2025;2;202502;000;Yhteensä;101-200;57089;3907425.39
Vuosikertymä;2025;2;202502;000;Yhteensä;201-300;37528;5516591.48
Vuosikertymä;2025;2;202502;000;Yhteensä;301-400;29921;6738691.39
Vuosikertymä;2025;2;202502;000;Yhteensä;401-700;44353;15465388.72
Vuosikertymä;2025;2;202502;000;Yhteensä;701-;105197;52510826.46
Vuosikertymä;2025;2;202502;000;Yhteensä;Yhteensä;256858;84138923.44
Vuosikertymä;2025;3;202503;000;Ansiopäiväraha;101-200;41097;4299733.95
Vuosikertymä;2025;3;202503;000;Ansiopäiväraha;201-300;25596;5513018.05
Vuosikertymä;2025;3;202503;000;Ansiopäiväraha;301-400;18759;6152104.51
Vuosikertymä;2025;3;202503;000;Ansiopäiväraha;401-700;7091;2800085.8
Vuosikertymä;2025;3;202503;000;Ansiopäiväraha;Yhteensä;77492;18764942.31
Vuosikertymä;2025;3;202503;000;Peruspäiväraha;101-200;15729;1511298.32
Vuosikertymä;2025;3;202503;000;Peruspäiväraha;201-300;10330;2112506.74
Vuosikertymä;2025;3;202503;000;Peruspäiväraha;301-400;5877;1781773.31
Vuosikertymä;2025;3;202503;000;Peruspäiväraha;401-700;2292;888072.61
Vuosikertymä;2025;3;202503;000;Peruspäiväraha;Yhteensä;27725;6293650.98
Vuosikertymä;2025;3;202503;000;Työmarkkinatuki;101-200;13939;1431931.27
Vuosikertymä;2025;3;202503;000;Työmarkkinatuki;201-300;10905;2372863.78
Vuosikertymä;2025;3;202503;000;Työmarkkinatuki;301-400;13058;4310009.96
Vuosikertymä;2025;3;202503;000;Työmarkkinatuki;401-700;40895;23539781.04
Vuosikertymä;2025;3;202503;000;Työmarkkinatuki;701-;109348;91034005.89
Vuosikertymä;2025;3;202503;000;Työmarkkinatuki;Yhteensä;174103;122688591.94
Vuosikertymä;2025;3;202503;000;Yhteensä;101-200;70749;7242963.54
Vuosikertymä;2025;3;202503;000;Yhteensä;201-300;46792;9998388.57
Vuosikertymä;2025;3;202503;000;Yhteensä;301-400;37154;12243887.78
Vuosikertymä;2025;3;202503;000;Yhteensä;401-700;49619;27227939.45
Vuosikertymä;2025;3;202503;000;Yhteensä;701-;109348;91034005.89
Vuosikertymä;2025;3;202503;000;Yhteensä;Yhteensä;277133;147747185.23
Vuosikertymä;2025;4;202504;000;Ansiopäiväraha;101-200;47185;6326752.83
Vuosikertymä;2025;4;202504;000;Ansiopäiväraha;201-300;31701;8344613.36
Vuosikertymä;2025;4;202504;000;Ansiopäiväraha;301-400;22093;9304884.28
Vuosikertymä;2025;4;202504;000;Ansiopäiväraha;401-700;8667;4206797.16
Vuosikertymä;2025;4;202504;000;Ansiopäiväraha;Yhteensä;84373;28183047.63
Vuosikertymä;2025;4;202504;000;Peruspäiväraha;101-200;18245;2211698.6
Vuosikertymä;2025;4;202504;000;Peruspäiväraha;201-300;12396;3075469.73
Vuosikertymä;2025;4;202504;000;Peruspäiväraha;301-400;7011;2629368.89
Vuosikertymä;2025;4;202504;000;Peruspäiväraha;401-700;2760;1305870.62
Vuosikertymä;2025;4;202504;000;Peruspäiväraha;Yhteensä;30527;9222407.84
Vuosikertymä;2025;4;202504;000;Työmarkkinatuki;101-200;16346;2110134
Vuosikertymä;2025;4;202504;000;Työmarkkinatuki;201-300;13495;3508595.58
Vuosikertymä;2025;4;202504;000;Työmarkkinatuki;301-400;15430;6345343.85
Vuosikertymä;2025;4;202504;000;Työmarkkinatuki;401-700;44557;34334374.28
Vuosikertymä;2025;4;202504;000;Työmarkkinatuki;701-;113270;132996462.67
Vuosikertymä;2025;4;202504;000;Työmarkkinatuki;Yhteensä;181266;179294910.38
Vuosikertymä;2025;4;202504;000;Yhteensä;101-200;81746;10648585.43
Vuosikertymä;2025;4;202504;000;Yhteensä;201-300;57525;14928678.67
Vuosikertymä;2025;4;202504;000;Yhteensä;301-400;43683;18279597.02
Vuosikertymä;2025;4;202504;000;Yhteensä;401-700;54927;39847042.06
Vuosikertymä;2025;4;202504;000;Yhteensä;701-;113270;132996462.67
Vuosikertymä;2025;4;202504;000;Yhteensä;Yhteensä;292776;216700365.85
Vuosikertymä;2025;5;202505;000;Ansiopäiväraha;101-200;52131;8009675.89
Vuosikertymä;2025;5;202505;000;Ansiopäiväraha;201-300;37039;11044303.34
Vuosikertymä;2025;5;202505;000;Ansiopäiväraha;301-400;25263;12148222.59
Vuosikertymä;2025;5;202505;000;Ansiopäiväraha;401-700;10092;5579629.8
Vuosikertymä;2025;5;202505;000;Ansiopäiväraha;Yhteensä;89885;36781831.62
Vuosikertymä;2025;5;202505;000;Peruspäiväraha;101-200;20301;2824488.69
Vuosikertymä;2025;5;202505;000;Peruspäiväraha;201-300;14300;3988383.67
Vuosikertymä;2025;5;202505;000;Peruspäiväraha;301-400;8040;3408093.56
Vuosikertymä;2025;5;202505;000;Peruspäiväraha;401-700;3206;1717254.72
Vuosikertymä;2025;5;202505;000;Peruspäiväraha;Yhteensä;32784;11938220.64
Vuosikertymä;2025;5;202505;000;Työmarkkinatuki;101-200;18405;2709814.02
Vuosikertymä;2025;5;202505;000;Työmarkkinatuki;201-300;15454;4610988.25
Vuosikertymä;2025;5;202505;000;Työmarkkinatuki;301-400;17443;8176569.9
Vuosikertymä;2025;5;202505;000;Työmarkkinatuki;401-700;47642;44363300.99
Vuosikertymä;2025;5;202505;000;Työmarkkinatuki;701-;116475;172364345.46
Vuosikertymä;2025;5;202505;000;Työmarkkinatuki;Yhteensä;186605;232225018.62
Vuosikertymä;2025;5;202505;000;Yhteensä;101-200;90799;13543978.6
Vuosikertymä;2025;5;202505;000;Yhteensä;201-300;66715;19643675.26
Vuosikertymä;2025;5;202505;000;Yhteensä;301-400;49718;23732886.05
Vuosikertymä;2025;5;202505;000;Yhteensä;401-700;59570;51660185.51
Vuosikertymä;2025;5;202505;000;Yhteensä;701-;116475;172364345.46
Vuosikertymä;2025;5;202505;000;Yhteensä;Yhteensä;304913;280945070.88
Vuosikertymä;2025;6;202506;000;Ansiopäiväraha;101-200;56835;9507274.34
Vuosikertymä;2025;6;202506;000;Ansiopäiväraha;201-300;42015;13742172.93
Vuosikertymä;2025;6;202506;000;Ansiopäiväraha;301-400;28200;14934063.9
Vuosikertymä;2025;6;202506;000;Ansiopäiväraha;401-700;11447;6968767.07
Vuosikertymä;2025;6;202506;000;Ansiopäiväraha;Yhteensä;95021;45152278.24
Vuosikertymä;2025;6;202506;000;Peruspäiväraha;101-200;22594;3397999.6
Vuosikertymä;2025;6;202506;000;Peruspäiväraha;201-300;16205;4928457.32
Vuosikertymä;2025;6;202506;000;Peruspäiväraha;301-400;9085;4190914.5
Vuosikertymä;2025;6;202506;000;Peruspäiväraha;401-700;3664;2139365.79
Vuosikertymä;2025;6;202506;000;Peruspäiväraha;Yhteensä;35289;14656737.21
Vuosikertymä;2025;6;202506;000;Työmarkkinatuki;101-200;20993;3320032.77
Vuosikertymä;2025;6;202506;000;Työmarkkinatuki;201-300;17481;5784627.84
Vuosikertymä;2025;6;202506;000;Työmarkkinatuki;301-400;19436;10026484.02
Vuosikertymä;2025;6;202506;000;Työmarkkinatuki;401-700;50649;54380397.27
Vuosikertymä;2025;6;202506;000;Työmarkkinatuki;701-;119999;213197682.71
Vuosikertymä;2025;6;202506;000;Työmarkkinatuki;Yhteensä;192375;286709224.61
Vuosikertymä;2025;6;202506;000;Yhteensä;101-200;100365;16225306.71
Vuosikertymä;2025;6;202506;000;Yhteensä;201-300;75612;24455258.09
Vuosikertymä;2025;6;202506;000;Yhteensä;301-400;55494;29151462.42
Vuosikertymä;2025;6;202506;000;Yhteensä;401-700;64055;63488530.13
Vuosikertymä;2025;6;202506;000;Yhteensä;701-;119999;213197682.71
Vuosikertymä;2025;6;202506;000;Yhteensä;Yhteensä;317355;346518240.06
Vuosikertymä;2025;7;202507;000;Ansiopäiväraha;101-200;61505;10971277.43
Vuosikertymä;2025;7;202507;000;Ansiopäiväraha;201-300;46931;16669152.74
Vuosikertymä;2025;7;202507;000;Ansiopäiväraha;301-400;31202;17802552.35
Vuosikertymä;2025;7;202507;000;Ansiopäiväraha;401-700;12903;8386453.28
Vuosikertymä;2025;7;202507;000;Ansiopäiväraha;Yhteensä;100093;53829435.8
Vuosikertymä;2025;7;202507;000;Peruspäiväraha;101-200;24699;3992682.35
Vuosikertymä;2025;7;202507;000;Peruspäiväraha;201-300;18045;5952264.41
Vuosikertymä;2025;7;202507;000;Peruspäiväraha;301-400;10143;5003296.77
Vuosikertymä;2025;7;202507;000;Peruspäiväraha;401-700;4120;2590223.04
Vuosikertymä;2025;7;202507;000;Peruspäiväraha;Yhteensä;37604;17538466.57
Vuosikertymä;2025;7;202507;000;Työmarkkinatuki;101-200;23553;3973577.67
Vuosikertymä;2025;7;202507;000;Työmarkkinatuki;201-300;19651;7052811.01
Vuosikertymä;2025;7;202507;000;Työmarkkinatuki;301-400;21667;12008387.18
Vuosikertymä;2025;7;202507;000;Työmarkkinatuki;401-700;53915;65116032.93
Vuosikertymä;2025;7;202507;000;Työmarkkinatuki;701-;123589;258248857.98
Vuosikertymä;2025;7;202507;000;Työmarkkinatuki;Yhteensä;198443;346399666.77
Vuosikertymä;2025;7;202507;000;Yhteensä;101-200;109674;18937537.45
Vuosikertymä;2025;7;202507;000;Yhteensä;201-300;84520;29674228.16
Vuosikertymä;2025;7;202507;000;Yhteensä;301-400;61538;34814236.3
Vuosikertymä;2025;7;202507;000;Yhteensä;401-700;68858;76092709.25
Vuosikertymä;2025;7;202507;000;Yhteensä;701-;123589;258248857.98
Vuosikertymä;2025;7;202507;000;Yhteensä;Yhteensä;329668;417767569.14
Vuosikertymä;2025;8;202508;000;Ansiopäiväraha;101-200;65938;12346309.18
Vuosikertymä;2025;8;202508;000;Ansiopäiväraha;201-300;51141;19573992.34
Vuosikertymä;2025;8;202508;000;Ansiopäiväraha;301-400;34425;20466432.67
Vuosikertymä;2025;8;202508;000;Ansiopäiväraha;401-700;14326;9764736.37
Vuosikertymä;2025;8;202508;000;Ansiopäiväraha;Yhteensä;104774;62151470.56
Vuosikertymä;2025;8;202508;000;Peruspäiväraha;101-200;26478;4528553.92
Vuosikertymä;2025;8;202508;000;Peruspäiväraha;201-300;19649;6916985.21
Vuosikertymä;2025;8;202508;000;Peruspäiväraha;301-400;11149;5747957.34
Vuosikertymä;2025;8;202508;000;Peruspäiväraha;401-700;4552;3008200.91
Vuosikertymä;2025;8;202508;000;Peruspäiväraha;Yhteensä;39544;20201697.38
Vuosikertymä;2025;8;202508;000;Työmarkkinatuki;101-200;25730;4580722.68
Vuosikertymä;2025;8;202508;000;Työmarkkinatuki;201-300;21479;8207161
Vuosikertymä;2025;8;202508;000;Työmarkkinatuki;301-400;23997;13846668.96
Vuosikertymä;2025;8;202508;000;Työmarkkinatuki;401-700;56805;74753406.31
Vuosikertymä;2025;8;202508;000;Työmarkkinatuki;701-;126636;299017697.4
Vuosikertymä;2025;8;202508;000;Työmarkkinatuki;Yhteensä;203467;400405656.35
Vuosikertymä;2025;8;202508;000;Yhteensä;101-200;118034;21455585.78
Vuosikertymä;2025;8;202508;000;Yhteensä;201-300;92148;34698138.55
Vuosikertymä;2025;8;202508;000;Yhteensä;301-400;67807;40061058.97
Vuosikertymä;2025;8;202508;000;Yhteensä;401-700;73250;87526343.59
Vuosikertymä;2025;8;202508;000;Yhteensä;701-;126636;299017697.4
Vuosikertymä;2025;8;202508;000;Yhteensä;Yhteensä;340141;482758824.29
Vuosikertymä;2025;9;202509;000;Ansiopäiväraha;101-200;69850;13673827.85
Vuosikertymä;2025;9;202509;000;Ansiopäiväraha;201-300;54864;22393226.66
Vuosikertymä;2025;9;202509;000;Ansiopäiväraha;301-400;38131;23333313.89
Vuosikertymä;2025;9;202509;000;Ansiopäiväraha;401-700;15592;11125702.17
Vuosikertymä;2025;9;202509;000;Ansiopäiväraha;Yhteensä;108886;70526070.57
Vuosikertymä;2025;9;202509;000;Peruspäiväraha;101-200;28057;5029746
Vuosikertymä;2025;9;202509;000;Peruspäiväraha;201-300;21049;7843110.93
Vuosikertymä;2025;9;202509;000;Peruspäiväraha;301-400;12245;6511873.73
Vuosikertymä;2025;9;202509;000;Peruspäiväraha;401-700;4936;3437671.86
Vuosikertymä;2025;9;202509;000;Peruspäiväraha;Yhteensä;41235;22822402.52
Vuosikertymä;2025;9;202509;000;Työmarkkinatuki;101-200;27739;5162806.25
Vuosikertymä;2025;9;202509;000;Työmarkkinatuki;201-300;23312;9327482.22
Vuosikertymä;2025;9;202509;000;Työmarkkinatuki;301-400;26409;15765982.33
Vuosikertymä;2025;9;202509;000;Työmarkkinatuki;401-700;59545;84280072.04
Vuosikertymä;2025;9;202509;000;Työmarkkinatuki;701-;129797;341065157.5
Vuosikertymä;2025;9;202509;000;Työmarkkinatuki;Yhteensä;208265;455601500.34
Vuosikertymä;2025;9;202509;000;Yhteensä;101-200;125503;23866380.1
Vuosikertymä;2025;9;202509;000;Yhteensä;201-300;99071;39563819.81
Vuosikertymä;2025;9;202509;000;Yhteensä;301-400;74744;45611169.95
Vuosikertymä;2025;9;202509;000;Yhteensä;401-700;77286;98843446.07
Vuosikertymä;2025;9;202509;000;Yhteensä;701-;129797;341065157.5
Vuosikertymä;2025;9;202509;000;Yhteensä;Yhteensä;349494;548949973.43
Vuosikertymä;2026;1;202601;000;Ansiopäiväraha;101-200;19658;1183121.87
Vuosikertymä;2026;1;202601;000;Ansiopäiväraha;201-300;16646;2146704.01
Vuosikertymä;2026;1;202601;000;Ansiopäiväraha;301-400;16816;3371155.58
Vuosikertymä;2026;1;202601;000;Ansiopäiväraha;401-700;6057;1427533.94
Vuosikertymä;2026;1;202601;000;Ansiopäiväraha;Yhteensä;51774;8128515.4
Vuosikertymä;2026;1;202601;000;Peruspäiväraha;101-200;8593;504046.42
Vuosikertymä;2026;1;202601;000;Peruspäiväraha;201-300;7285;919181.87
Vuosikertymä;2026;1;202601;000;Peruspäiväraha;301-400;4760;847162.49
Vuosikertymä;2026;1;202601;000;Peruspäiväraha;401-700;1958;439738.85
Vuosikertymä;2026;1;202601;000;Peruspäiväraha;Yhteensä;19883;2710129.63
Vuosikertymä;2026;1;202601;000;Työmarkkinatuki;101-200;11869;709348.78
Vuosikertymä;2026;1;202601;000;Työmarkkinatuki;201-300;9168;1141596.3
Vuosikertymä;2026;1;202601;000;Työmarkkinatuki;301-400;11706;2282586.12
Vuosikertymä;2026;1;202601;000;Työmarkkinatuki;401-700;47250;13869272.02
Vuosikertymä;2026;1;202601;000;Työmarkkinatuki;701-;115483;44635467.36
Vuosikertymä;2026;1;202601;000;Työmarkkinatuki;Yhteensä;187628;62638270.58
Vuosikertymä;2026;1;202601;000;Yhteensä;101-200;40114;2396517.07
Vuosikertymä;2026;1;202601;000;Yhteensä;201-300;33088;4207482.18
Vuosikertymä;2026;1;202601;000;Yhteensä;301-400;33042;6500904.19
Vuosikertymä;2026;1;202601;000;Yhteensä;401-700;54688;15736544.81
Vuosikertymä;2026;1;202601;000;Yhteensä;701-;115483;44635467.36
Vuosikertymä;2026;1;202601;000;Yhteensä;Yhteensä;257764;73476915.61
Vuosikertymä;2026;2;202602;000;Ansiopäiväraha;101-200;25988;2353902.2
Vuosikertymä;2026;2;202602;000;Ansiopäiväraha;201-300;20511;4098235.41
Vuosikertymä;2026;2;202602;000;Ansiopäiväraha;301-400;20240;6420489.78
Vuosikertymä;2026;2;202602;000;Ansiopäiväraha;401-700;8019;2859019.73
Vuosikertymä;2026;2;202602;000;Ansiopäiväraha;Yhteensä;60424;15731647.12
Vuosikertymä;2026;2;202602;000;Peruspäiväraha;101-200;11126;983956.29
Vuosikertymä;2026;2;202602;000;Peruspäiväraha;201-300;8870;1736803.23
Vuosikertymä;2026;2;202602;000;Peruspäiväraha;301-400;6003;1653593.85
Vuosikertymä;2026;2;202602;000;Peruspäiväraha;401-700;2511;861843.9
Vuosikertymä;2026;2;202602;000;Peruspäiväraha;Yhteensä;23247;5236197.27
Vuosikertymä;2026;2;202602;000;Työmarkkinatuki;101-200;14944;1385356.64
Vuosikertymä;2026;2;202602;000;Työmarkkinatuki;201-300;11358;2209473.81
Vuosikertymä;2026;2;202602;000;Työmarkkinatuki;301-400;14276;4286207.45
Vuosikertymä;2026;2;202602;000;Työmarkkinatuki;401-700;53863;27197272.22
Vuosikertymä;2026;2;202602;000;Työmarkkinatuki;701-;122372;86599881.39
Vuosikertymä;2026;2;202602;000;Työmarkkinatuki;Yhteensä;201336;121678191.51
Vuosikertymä;2026;2;202602;000;Yhteensä;101-200;52041;4723215.13
Vuosikertymä;2026;2;202602;000;Yhteensä;201-300;40715;8044512.45
Vuosikertymä;2026;2;202602;000;Yhteensä;301-400;40035;12360291.08
Vuosikertymä;2026;2;202602;000;Yhteensä;401-700;62987;30918135.85
Vuosikertymä;2026;2;202602;000;Yhteensä;701-;122372;86599881.39
Vuosikertymä;2026;2;202602;000;Yhteensä;Yhteensä;281269;142646035.9
Vuosikertymä;2026;3;202603;000;Ansiopäiväraha;101-200;31873;3641276.27
Vuosikertymä;2026;3;202603;000;Ansiopäiväraha;201-300;23849;6080412.63
Vuosikertymä;2026;3;202603;000;Ansiopäiväraha;301-400;23250;9391844.73
Vuosikertymä;2026;3;202603;000;Ansiopäiväraha;401-700;9852;4412734.66
Vuosikertymä;2026;3;202603;000;Ansiopäiväraha;Yhteensä;67193;23526268.29
Vuosikertymä;2026;3;202603;000;Peruspäiväraha;101-200;13712;1531250.51
Vuosikertymä;2026;3;202603;000;Peruspäiväraha;201-300;10438;2599026.67
Vuosikertymä;2026;3;202603;000;Peruspäiväraha;301-400;7203;2504821.25
Vuosikertymä;2026;3;202603;000;Peruspäiväraha;401-700;2989;1306990.65
Vuosikertymä;2026;3;202603;000;Peruspäiväraha;Yhteensä;26268;7942089.08
Vuosikertymä;2026;3;202603;000;Työmarkkinatuki;101-200;17896;2163209.8
Vuosikertymä;2026;3;202603;000;Työmarkkinatuki;201-300;13536;3384555.12
Vuosikertymä;2026;3;202603;000;Työmarkkinatuki;301-400;16929;6454282.24
Vuosikertymä;2026;3;202603;000;Työmarkkinatuki;401-700;60408;42199829.72
Vuosikertymä;2026;3;202603;000;Työmarkkinatuki;701-;127606;132337905.4
Vuosikertymä;2026;3;202603;000;Työmarkkinatuki;Yhteensä;212342;186539782.28
Vuosikertymä;2026;3;202603;000;Yhteensä;101-200;63448;7335736.58
Vuosikertymä;2026;3;202603;000;Yhteensä;201-300;47771;12063994.42
Vuosikertymä;2026;3;202603;000;Yhteensä;301-400;46588;18350948.22
Vuosikertymä;2026;3;202603;000;Yhteensä;401-700;70529;47919555.03
Vuosikertymä;2026;3;202603;000;Yhteensä;701-;127606;132337905.4
Vuosikertymä;2026;3;202603;000;Yhteensä;Yhteensä;298733;218008139.65
Vuosikertymä;2026;4;202604;000;Ansiopäiväraha;101-200;37920;4752483.48
Vuosikertymä;2026;4;202604;000;Ansiopäiväraha;201-300;27405;7742003.53
Vuosikertymä;2026;4;202604;000;Ansiopäiväraha;301-400;26310;11996949.6
Vuosikertymä;2026;4;202604;000;Ansiopäiväraha;401-700;11736;5951648.02
Vuosikertymä;2026;4;202604;000;Ansiopäiväraha;Yhteensä;73786;30443084.63
Vuosikertymä;2026;4;202604;000;Peruspäiväraha;101-200;16408;2107711.62
Vuosikertymä;2026;4;202604;000;Peruspäiväraha;201-300;12251;3466076.43
Vuosikertymä;2026;4;202604;000;Peruspäiväraha;301-400;8390;3384842.04
Vuosikertymä;2026;4;202604;000;Peruspäiväraha;401-700;3482;1776776.26
Vuosikertymä;2026;4;202604;000;Peruspäiväraha;Yhteensä;29255;10735406.35
Vuosikertymä;2026;4;202604;000;Työmarkkinatuki;101-200;20874;2954134.92
Vuosikertymä;2026;4;202604;000;Työmarkkinatuki;201-300;16467;4652028.49
Vuosikertymä;2026;4;202604;000;Työmarkkinatuki;301-400;19584;8685526.9
Vuosikertymä;2026;4;202604;000;Työmarkkinatuki;401-700;66781;58069514.29
Vuosikertymä;2026;4;202604;000;Työmarkkinatuki;701-;132253;181325272.79
Vuosikertymä;2026;4;202604;000;Työmarkkinatuki;Yhteensä;222399;255686477.39
Vuosikertymä;2026;4;202604;000;Yhteensä;101-200;75144;9814330.02
Vuosikertymä;2026;4;202604;000;Yhteensä;201-300;56040;15860108.45
Vuosikertymä;2026;4;202604;000;Yhteensä;301-400;53175;24067318.54
Vuosikertymä;2026;4;202604;000;Yhteensä;401-700;77839;65797938.57
Vuosikertymä;2026;4;202604;000;Yhteensä;701-;132253;181325272.79
Vuosikertymä;2026;4;202604;000;Yhteensä;Yhteensä;314772;296864968.37
Vuosikertymä;2026;5;202605;000;Ansiopäiväraha;101-200;42831;5951392.76
Vuosikertymä;2026;5;202605;000;Ansiopäiväraha;201-300;30350;9418826.33
Vuosikertymä;2026;5;202605;000;Ansiopäiväraha;301-400;28762;14342667.48
Vuosikertymä;2026;5;202605;000;Ansiopäiväraha;401-700;13239;7490948.37
Vuosikertymä;2026;5;202605;000;Ansiopäiväraha;Yhteensä;79137;37203834.94
Vuosikertymä;2026;5;202605;000;Peruspäiväraha;101-200;17949;2436961.37
Vuosikertymä;2026;5;202605;000;Peruspäiväraha;201-300;13217;3951568.8
Vuosikertymä;2026;5;202605;000;Peruspäiväraha;301-400;9022;3880589.98
Vuosikertymä;2026;5;202605;000;Peruspäiväraha;401-700;3790;2056517.44
Vuosikertymä;2026;5;202605;000;Peruspäiväraha;Yhteensä;30935;12325637.59
Vuosikertymä;2026;5;202605;000;Työmarkkinatuki;101-200;22762;3432628.64
Vuosikertymä;2026;5;202605;000;Työmarkkinatuki;201-300;18029;5465251.72
Vuosikertymä;2026;5;202605;000;Työmarkkinatuki;301-400;21178;10019008.45
Vuosikertymä;2026;5;202605;000;Työmarkkinatuki;401-700;70532;67736674.1
Vuosikertymä;2026;5;202605;000;Työmarkkinatuki;701-;134969;209879591
Vuosikertymä;2026;5;202605;000;Työmarkkinatuki;Yhteensä;228250;296533153.91
Vuosikertymä;2026;5;202605;000;Yhteensä;101-200;84473;12182525.67
Vuosikertymä;2026;5;202605;000;Yhteensä;201-300;62374;19463097.16
Vuosikertymä;2026;5;202605;000;Yhteensä;301-400;58485;29129589.59
Vuosikertymä;2026;5;202605;000;Yhteensä;401-700;83283;81938106.07
Vuosikertymä;2026;5;202605;000;Yhteensä;701-;136062;225688999.77
Vuosikertymä;2026;5;202605;000;Yhteensä;Yhteensä;326632;368402318.26
Vuosikertymä;2026;5;202605;000;Yleistuki työttömyyden perusteella;101-200;13940;361542.9
Vuosikertymä;2026;5;202605;000;Yleistuki työttömyyden perusteella;201-300;11204;627450.31
Vuosikertymä;2026;5;202605;000;Yleistuki työttömyyden perusteella;301-400;10497;887323.68
Vuosikertymä;2026;5;202605;000;Yleistuki työttömyyden perusteella;401-700;38985;4653966.16
Vuosikertymä;2026;5;202605;000;Yleistuki työttömyyden perusteella;701-;101295;15809408.77
Vuosikertymä;2026;5;202605;000;Yleistuki työttömyyden perusteella;Yhteensä;172930;22339691.82
Vuosikertymä;2026;6;202606;000;Ansiopäiväraha;101-200;46968;7064575.58
Vuosikertymä;2026;6;202606;000;Ansiopäiväraha;201-300;33462;11056792.01
Vuosikertymä;2026;6;202606;000;Ansiopäiväraha;301-400;30949;16584665.66
Vuosikertymä;2026;6;202606;000;Ansiopäiväraha;401-700;14480;8996883.62
Vuosikertymä;2026;6;202606;000;Ansiopäiväraha;Yhteensä;83701;43702916.87
Vuosikertymä;2026;6;202606;000;Peruspäiväraha;101-200;18176;2467570.66
Vuosikertymä;2026;6;202606;000;Peruspäiväraha;201-300;13372;3993586.12
Vuosikertymä;2026;6;202606;000;Peruspäiväraha;301-400;9094;3916837.16
Vuosikertymä;2026;6;202606;000;Peruspäiväraha;401-700;3815;2075368.53
Vuosikertymä;2026;6;202606;000;Peruspäiväraha;Yhteensä;31265;12453362.47
Vuosikertymä;2026;6;202606;000;Työmarkkinatuki;101-200;23047;3481002.52
Vuosikertymä;2026;6;202606;000;Työmarkkinatuki;201-300;18248;5539028.33
Vuosikertymä;2026;6;202606;000;Työmarkkinatuki;301-400;21467;10145267.51
Vuosikertymä;2026;6;202606;000;Työmarkkinatuki;401-700;71983;68601882.62
Vuosikertymä;2026;6;202606;000;Työmarkkinatuki;701-;135513;211268449.93
Vuosikertymä;2026;6;202606;000;Työmarkkinatuki;Yhteensä;230551;299035630.91
Vuosikertymä;2026;6;202606;000;Yhteensä;101-200;93430;14458578.87
Vuosikertymä;2026;6;202606;000;Yhteensä;201-300;68974;23091674.87
Vuosikertymä;2026;6;202606;000;Yhteensä;301-400;63343;34085473.67
Vuosikertymä;2026;6;202606;000;Yhteensä;401-700;88530;98141232.97
Vuosikertymä;2026;6;202606;000;Yhteensä;701-;140047;271677020.18
Vuosikertymä;2026;6;202606;000;Yhteensä;Yhteensä;338034;441453980.56
Vuosikertymä;2026;6;202606;000;Yleistuki työttömyyden perusteella;101-200;22804;1445430.11
Vuosikertymä;2026;6;202606;000;Yleistuki työttömyyden perusteella;201-300;17926;2502268.41
Vuosikertymä;2026;6;202606;000;Yleistuki työttömyyden perusteella;301-400;15819;3438703.34
Vuosikertymä;2026;6;202606;000;Yleistuki työttömyyden perusteella;401-700;53944;18467098.2
Vuosikertymä;2026;6;202606;000;Yleistuki työttömyyden perusteella;701-;125700;60408570.25
Vuosikertymä;2026;6;202606;000;Yleistuki työttömyyden perusteella;Yhteensä;222732;86262070.31
Vuosikertymä;2026;7;202607;000;Ansiopäiväraha;101-200;51646;8192121.95
Vuosikertymä;2026;7;202607;000;Ansiopäiväraha;201-300;36665;12734535.96
Vuosikertymä;2026;7;202607;000;Ansiopäiväraha;301-400;33115;18705187.34
Vuosikertymä;2026;7;202607;000;Ansiopäiväraha;401-700;15667;10444771.1
Vuosikertymä;2026;7;202607;000;Ansiopäiväraha;Yhteensä;88575;50076616.35
Vuosikertymä;2026;7;202607;000;Peruspäiväraha;101-200;18225;2469023.48
Vuosikertymä;2026;7;202607;000;Peruspäiväraha;201-300;13406;3993216.84
Vuosikertymä;2026;7;202607;000;Peruspäiväraha;301-400;9106;3922136.49
Vuosikertymä;2026;7;202607;000;Peruspäiväraha;401-700;3822;2076262.14
Vuosikertymä;2026;7;202607;000;Peruspäiväraha;Yhteensä;31338;12460638.95
Vuosikertymä;2026;7;202607;000;Työmarkkinatuki;101-200;23118;3488689.29
Vuosikertymä;2026;7;202607;000;Työmarkkinatuki;201-300;18308;5548264.1
Vuosikertymä;2026;7;202607;000;Työmarkkinatuki;301-400;21520;10159639.3
Vuosikertymä;2026;7;202607;000;Työmarkkinatuki;401-700;72295;68704556.98
Vuosikertymä;2026;7;202607;000;Työmarkkinatuki;701-;135663;211364716.11
Vuosikertymä;2026;7;202607;000;Työmarkkinatuki;Yhteensä;231112;299265865.78
Vuosikertymä;2026;7;202607;000;Yhteensä;101-200;102632;16819109.47
Vuosikertymä;2026;7;202607;000;Yhteensä;201-300;75805;26899599.22
Vuosikertymä;2026;7;202607;000;Yhteensä;301-400;68411;39061152.68
Vuosikertymä;2026;7;202607;000;Yhteensä;401-700;93605;114975336.88
Vuosikertymä;2026;7;202607;000;Yhteensä;701-;144220;323045093.07
Vuosikertymä;2026;7;202607;000;Yhteensä;Yhteensä;349249;520800291.32
Vuosikertymä;2026;7;202607;000;Yleistuki työttömyyden perusteella;101-200;28092;2669274.75
Vuosikertymä;2026;7;202607;000;Yleistuki työttömyyden perusteella;201-300;21938;4623582.32
Vuosikertymä;2026;7;202607;000;Yleistuki työttömyyden perusteella;301-400;19096;6274189.55
Vuosikertymä;2026;7;202607;000;Yleistuki työttömyyden perusteella;401-700;59510;33749746.66
Vuosikertymä;2026;7;202607;000;Yleistuki työttömyyden perusteella;701-;131671;111680376.96
Vuosikertymä;2026;7;202607;000;Yleistuki työttömyyden perusteella;Yhteensä;234974;158997170.24
Vuosikertymä;2026;8;202608;000;Ansiopäiväraha;101-200;55988;9365766.96
Vuosikertymä;2026;8;202608;000;Ansiopäiväraha;201-300;39738;14420277.95
Vuosikertymä;2026;8;202608;000;Ansiopäiväraha;301-400;35187;20715614.08
Vuosikertymä;2026;8;202608;000;Ansiopäiväraha;401-700;16872;11832844.84
Vuosikertymä;2026;8;202608;000;Ansiopäiväraha;Yhteensä;92953;56334503.83
Vuosikertymä;2026;8;202608;000;Peruspäiväraha;101-200;18263;2470730.9
Vuosikertymä;2026;8;202608;000;Peruspäiväraha;201-300;13422;3993323.39
Vuosikertymä;2026;8;202608;000;Peruspäiväraha;301-400;9110;3919868.4
Vuosikertymä;2026;8;202608;000;Peruspäiväraha;401-700;3829;2082173.32
Vuosikertymä;2026;8;202608;000;Peruspäiväraha;Yhteensä;31394;12466096.01
Vuosikertymä;2026;8;202608;000;Työmarkkinatuki;101-200;23149;3488645.58
Vuosikertymä;2026;8;202608;000;Työmarkkinatuki;201-300;18339;5549962.38
Vuosikertymä;2026;8;202608;000;Työmarkkinatuki;301-400;21561;10168182.52
Vuosikertymä;2026;8;202608;000;Työmarkkinatuki;401-700;72432;68728758.35
Vuosikertymä;2026;8;202608;000;Työmarkkinatuki;701-;135738;211301412.85
Vuosikertymä;2026;8;202608;000;Työmarkkinatuki;Yhteensä;231395;299236961.68
Vuosikertymä;2026;8;202608;000;Yhteensä;101-200;110913;19141187.81
Vuosikertymä;2026;8;202608;000;Yhteensä;201-300;82295;30546616.22
Vuosikertymä;2026;8;202608;000;Yhteensä;301-400;73596;43688676.81
Vuosikertymä;2026;8;202608;000;Yhteensä;401-700;99412;131018898.4
Vuosikertymä;2026;8;202608;000;Yhteensä;701-;147887;369475865.19
Vuosikertymä;2026;8;202608;000;Yhteensä;Yhteensä;359433;593871244.43
Vuosikertymä;2026;8;202608;000;Yleistuki työttömyyden perusteella;101-200;32568;3816044.37
Vuosikertymä;2026;8;202608;000;Yleistuki työttömyyden perusteella;201-300;25624;6583052.5
Vuosikertymä;2026;8;202608;000;Yleistuki työttömyyden perusteella;301-400;22508;8885011.81
Vuosikertymä;2026;8;202608;000;Yleistuki työttömyyden perusteella;401-700;66097;48375121.89
Vuosikertymä;2026;8;202608;000;Yleistuki työttömyyden perusteella;701-;136430;158174452.34
Vuosikertymä;2026;8;202608;000;Yleistuki työttömyyden perusteella;Yhteensä;246456;225833682.91
