;;;;;;;;;;;;;;;;;;;;;
Kuntatyyppiverkostot;;;;;;;;;;;;Aineisto;;;;;;;;Menetelmä ja lähteet;
Manner-Suomi, 292 kuntaa. Pienet kunnat on luokiteltu liitteen asukasluvun perusteella.;;;;;;;;;;;;Asukasluvut alkuperäisessä järjestyksessä. Verkostolistat oikealla.;;;;;;;;;
"Kehyskuntien nimilistassa on 44 kuntaa. Uudempi lähde ilmoittaa 45; yksi jäsen on varmistamatta.";;;;;;;;;;;;;;;;;;;;Rajaus;Manner-Suomen 292 kuntaa. Ahvenanmaan 16 kuntaa on jätetty pois.
;;;Merkintöjä yhteensä;23;44;58;197;33;;;;Kuntatunnus;Kunta (liite);Asukasluku (liite);;Verkostolista;Kuntatunnus;Kunta;;Asukasluvut;Käyttäjän toimittama Liitetty markdown.md. Lukujen viitepäivää ei ilmoiteta liitteessä.
Kuntatunnus;Kunta;Asukasluku;Verkostot;Suuret kaupungit ja maakuntakeskukset;Kehyskunnat (nimilista);Seutukaupungit;Pienet kunnat (<10 000 as.);Ruotsin- ja kaksikieliset kunnat;Merkintöjen määrä;;;005;Alajärvi;8 982;;Suuret kaupungit;049;Espoo;;Verkostotietojen haku;2.10.2026
020;Akaa;16 429;Seutukaupungit;0;0;1;0;0;1;;;009;Alavieska;2 384;;Suuret kaupungit;091;Helsinki;;Merkintöjen tulkinta;1 = mukana käytetyssä verkostolistassa. 0 = ei käytetyssä listassa. Pienissä kunnissa 1 = asukasluku alle 10 000.
005;Alajärvi;8 982;"Seutukaupungit; Pienet kunnat";0;0;1;1;0;2;;;010;Alavus;10 634;;Suuret kaupungit;109;Hämeenlinna;;Pienet kunnat;Asukaslukuperusteinen luokittelu käyttäjän ohjeen mukaan. Merkintä ei ole vahvistettu verkoston jäsenyys eikä ensisijainen kuntatyyppi.
009;Alavieska;2 384;Pienet kunnat;0;0;0;1;0;1;;;016;Asikkala;7 841;;Suuret kaupungit;167;Joensuu;;Päällekkäiset verkostot;Kaikki osumat säilytetään. Kunnalla voi olla myös kolme merkintää, esimerkiksi Kristiinankaupungilla.
010;Alavus;10 634;Seutukaupungit;0;0;1;0;0;1;;;018;Askola;4 677;;Suuret kaupungit;179;Jyväskylä;;Kehyskuntien puute;Nimilistassa on 44 kuntaa (päivitetty 13.11.2023). Uudempi sivu ilmoittaa 45 kuntaa (8.6.2026). Yhtä jäsenkuntaa ei ole voitu varmistaa.
016;Asikkala;7 841;"Kehyskunnat; Pienet kunnat";0;1;0;1;0;2;;;019;Aura;3 937;;Suuret kaupungit;205;Kajaani;;Suuret kaupungit;Kaupunkipoliittisen työryhmän 23 nimettyä kaupunkia. KUUMA-kuntien edustajuus ei lisää Sipoota tähän kuntaryhmään.
018;Askola;4 677;Pienet kunnat;0;0;0;1;0;1;;;020;Akaa;16 429;;Suuret kaupungit;272;Kokkola;;Seutukaupungit;Käytetty 7.9.2026 päivitettyä 58 kaupungin nimilistaa. Haapajärvi sisältyy listaan.
019;Aura;3 937;"Kehyskunnat; Pienet kunnat";0;1;0;1;0;2;;;046;Enonkoski;1 273;;Suuret kaupungit;285;Kotka;;Kaksikieliset kunnat;Verkosto kattaa kaikki 33 Manner-Suomen kaksikielistä kuntaa. Kuntanimet tarkistettu vuoden 2026 kielisuhdeluokituksesta.
046;Enonkoski;1 273;Pienet kunnat;0;0;0;1;0;1;;;047;Enontekiö;1 769;;Suuret kaupungit;286;Kouvola;;Nimiyhdistely;Liitteen Pedersöre vastaa Tilastokeskuksen nimeä Pedersören kunta. Yhdistelyavaimena on kuntatunnus 599.
047;Enontekiö;1 769;Pienet kunnat;0;0;0;1;0;1;;;049;Espoo;325 716;;Suuret kaupungit;297;Kuopio;;Päivittäminen;Asukasluvut ja nimet ovat taulukossa A:C. Verkostojäsenyyksien luettelot ovat taulukossa E:G. Luokittelu lukee jäsenlistan rivejä 6–163.
049;Espoo;325 716;"Suuret kaupungit ja maakuntakeskukset; Ruotsin- ja kaksikieliset kunnat";1;0;0;0;1;2;;;050;Eura;11 005;;Suuret kaupungit;398;Lahti;;Lähde: verkostojako;https://www.kuntaliitto.fi/kuntaliitto/palvelut/verkostot-ja-tapahtumat/kuntaliiton-keskeisimmat-verkostot
050;Eura;11 005;Kehyskunnat;0;1;0;0;0;1;;;051;Eurajoki;8 920;;Suuret kaupungit;405;Lappeenranta;;Lähde: suuret kaupungit;https://www.kuntaliitto.fi/yhdyskunnat-ja-ymparisto/kaupunkipolitiikka/kuntaliiton-kaupunkipoliittinen-tyoryhma
051;Eurajoki;8 920;Pienet kunnat;0;0;0;1;0;1;;;052;Evijärvi;2 267;;Suuret kaupungit;491;Mikkeli;;Lähde: kehyskuntien nimet;https://www.kuntaliitto.fi/yhdyskunnat-ja-ymparisto/kaupunkipolitiikka/kehyskuntaverkosto/tietoa-verkostosta
052;Evijärvi;2 267;Pienet kunnat;0;0;0;1;0;1;;;061;Forssa;16 307;;Suuret kaupungit;564;Oulu;;Lähde: kehyskuntien määrä;https://www.kuntaliitto.fi/yhdyskunnat-ja-ymparisto/kaupunkipolitiikka/kehyskuntaverkosto
061;Forssa;16 307;Seutukaupungit;0;0;1;0;0;1;;;069;Haapajärvi;6 441;;Suuret kaupungit;609;Pori;;Lähde: seutukaupungit;https://www.kuntaliitto.fi/yhdyskunnat-ja-ymparisto/kaupunkipolitiikka/seutukaupungit-ja-seutukaupunkiverkosto
069;Haapajärvi;6 441;"Seutukaupungit; Pienet kunnat";0;0;1;1;0;2;;;071;Haapavesi;6 298;;Suuret kaupungit;638;Porvoo;;Lähde: pienet kunnat;https://www.kuntaliitto.fi/verkostot/pienten-kuntien-verkosto
071;Haapavesi;6 298;Pienet kunnat;0;0;0;1;0;1;;;072;Hailuoto;912;;Suuret kaupungit;698;Rovaniemi;;Lähde: kieliverkosto;https://www.kuntaliitto.fi/kuntaliitto/palvelut/ruotsinkielinen-toiminta/verkostot/ruotsinkielisten-ja-kaksikielisten-kuntien-verkosto
072;Hailuoto;912;Pienet kunnat;0;0;0;1;0;1;;;074;Halsua;975;;Suuret kaupungit;734;Salo;;Lähde: kuntien kielisuhde;https://stat.fi/fi/luokitukset/corrmaps/kunta_1_20260101%23kielisuhde_1_20260101
074;Halsua;975;Pienet kunnat;0;0;0;1;0;1;;;075;Hamina;19 113;;Suuret kaupungit;743;Seinäjoki;;;
075;Hamina;19 113;Seutukaupungit;0;0;1;0;0;1;;;077;Hankasalmi;4 436;;Suuret kaupungit;837;Tampere;;;
077;Hankasalmi;4 436;Pienet kunnat;0;0;0;1;0;1;;;078;Hanko;7 620;;Suuret kaupungit;853;Turku;;;
078;Hanko;7 620;"Pienet kunnat; Ruotsin- ja kaksikieliset kunnat";0;0;0;1;1;2;;;079;Harjavalta;6 565;;Suuret kaupungit;905;Vaasa;;;
079;Harjavalta;6 565;Pienet kunnat;0;0;0;1;0;1;;;081;Hartola;2 401;;Suuret kaupungit;092;Vantaa;;;
081;Hartola;2 401;Pienet kunnat;0;0;0;1;0;1;;;082;Hattula;9 346;;Kehyskunnat;016;Asikkala;;;
082;Hattula;9 346;Pienet kunnat;0;0;0;1;0;1;;;086;Hausjärvi;7 862;;Kehyskunnat;019;Aura;;;
086;Hausjärvi;7 862;Pienet kunnat;0;0;0;1;0;1;;;090;Heinävesi;2 888;;Kehyskunnat;050;Eura;;;
111;Heinola;17 694;"Kehyskunnat; Seutukaupungit";0;1;1;0;0;2;;;091;Helsinki;694 392;;Kehyskunnat;111;Heinola;;;
090;Heinävesi;2 888;Pienet kunnat;0;0;0;1;0;1;;;092;Vantaa;252 956;;Kehyskunnat;098;Hollola;;;
091;Helsinki;694 392;"Suuret kaupungit ja maakuntakeskukset; Ruotsin- ja kaksikieliset kunnat";1;0;0;0;1;2;;;097;Hirvensalmi;2 023;;Kehyskunnat;106;Hyvinkää;;;
097;Hirvensalmi;2 023;Pienet kunnat;0;0;0;1;0;1;;;098;Hollola;22 775;;Kehyskunnat;108;Hämeenkyrö;;;
098;Hollola;22 775;Kehyskunnat;0;1;0;0;0;1;;;102;Huittinen;9 546;;Kehyskunnat;139;Ii;;;
102;Huittinen;9 546;"Seutukaupungit; Pienet kunnat";0;0;1;1;0;2;;;103;Humppila;2 074;;Kehyskunnat;145;Ilmajoki;;;
103;Humppila;2 074;Pienet kunnat;0;0;0;1;0;1;;;105;Hyrynsalmi;1 984;;Kehyskunnat;165;Janakkala;;;
105;Hyrynsalmi;1 984;Pienet kunnat;0;0;0;1;0;1;;;106;Hyvinkää;47 015;;Kehyskunnat;186;Järvenpää;;;
106;Hyvinkää;47 015;Kehyskunnat;0;1;0;0;0;1;;;108;Hämeenkyrö;10 249;;Kehyskunnat;202;Kaarina;;;
108;Hämeenkyrö;10 249;Kehyskunnat;0;1;0;0;0;1;;;109;Hämeenlinna;68 614;;Kehyskunnat;211;Kangasala;;;
109;Hämeenlinna;68 614;Suuret kaupungit ja maakuntakeskukset;1;0;0;0;0;1;;;111;Heinola;17 694;;Kehyskunnat;244;Kempele;;;
139;Ii;9 755;"Kehyskunnat; Pienet kunnat";0;1;0;1;0;2;;;139;Ii;9 755;;Kehyskunnat;245;Kerava;;;
140;Iisalmi;20 205;Seutukaupungit;0;0;1;0;0;1;;;140;Iisalmi;20 205;;Kehyskunnat;257;Kirkkonummi;;;
142;Iitti;6 329;Pienet kunnat;0;0;0;1;0;1;;;142;Iitti;6 329;;Kehyskunnat;276;Kontiolahti;;;
143;Ikaalinen;6 704;"Seutukaupungit; Pienet kunnat";0;0;1;1;0;2;;;143;Ikaalinen;6 704;;Kehyskunnat;410;Laukaa;;;
145;Ilmajoki;12 405;Kehyskunnat;0;1;0;0;0;1;;;145;Ilmajoki;12 405;;Kehyskunnat;418;Lempäälä;;;
146;Ilomantsi;4 293;Pienet kunnat;0;0;0;1;0;1;;;146;Ilomantsi;4 293;;Kehyskunnat;420;Leppävirta;;;
153;Imatra;24 345;Seutukaupungit;0;0;1;0;0;1;;;148;Inari;7 244;;Kehyskunnat;423;Lieto;;;
148;Inari;7 244;Pienet kunnat;0;0;0;1;0;1;;;149;Inkoo;5 391;;Kehyskunnat;425;Liminka;;;
149;Inkoo;5 391;"Pienet kunnat; Ruotsin- ja kaksikieliset kunnat";0;0;0;1;1;2;;;151;Isojoki;1 771;;Kehyskunnat;426;Liperi;;;
151;Isojoki;1 771;Pienet kunnat;0;0;0;1;0;1;;;152;Isokyrö;4 261;;Kehyskunnat;494;Muhos;;;
152;Isokyrö;4 261;Pienet kunnat;0;0;0;1;0;1;;;153;Imatra;24 345;;Kehyskunnat;500;Muurame;;;
165;Janakkala;15 867;Kehyskunnat;0;1;0;0;0;1;;;165;Janakkala;15 867;;Kehyskunnat;505;Mäntsälä;;;
167;Joensuu;79 129;Suuret kaupungit ja maakuntakeskukset;1;0;0;0;0;1;;;167;Joensuu;79 129;;Kehyskunnat;529;Naantali;;;
169;Jokioinen;4 795;Pienet kunnat;0;0;0;1;0;1;;;169;Jokioinen;4 795;;Kehyskunnat;536;Nokia;;;
171;Joroinen;4 494;Pienet kunnat;0;0;0;1;0;1;;;171;Joroinen;4 494;;Kehyskunnat;543;Nurmijärvi;;;
172;Joutsa;4 079;Pienet kunnat;0;0;0;1;0;1;;;172;Joutsa;4 079;;Kehyskunnat;560;Orimattila;;;
176;Juuka;4 059;Pienet kunnat;0;0;0;1;0;1;;;176;Juuka;4 059;;Kehyskunnat;562;Orivesi;;;
177;Juupajoki;1 663;Pienet kunnat;0;0;0;1;0;1;;;177;Juupajoki;1 663;;Kehyskunnat;604;Pirkkala;;;
178;Juva;5 569;Pienet kunnat;0;0;0;1;0;1;;;178;Juva;5 569;;Kehyskunnat;611;Pornainen;;;
179;Jyväskylä;149 895;Suuret kaupungit ja maakuntakeskukset;1;0;0;0;0;1;;;179;Jyväskylä;149 895;;Kehyskunnat;680;Raisio;;;
181;Jämijärvi;1 663;Pienet kunnat;0;0;0;1;0;1;;;181;Jämijärvi;1 663;;Kehyskunnat;704;Rusko;;;
182;Jämsä;19 020;Seutukaupungit;0;0;1;0;0;1;;;182;Jämsä;19 020;;Kehyskunnat;749;Siilinjärvi;;;
186;Järvenpää;46 944;Kehyskunnat;0;1;0;0;0;1;;;186;Järvenpää;46 944;;Kehyskunnat;753;Sipoo;;;
202;Kaarina;36 675;Kehyskunnat;0;1;0;0;0;1;;;202;Kaarina;36 675;;Kehyskunnat;765;Sotkamo;;;
204;Kaavi;2 547;Pienet kunnat;0;0;0;1;0;1;;;204;Kaavi;2 547;;Kehyskunnat;858;Tuusula;;;
205;Kajaani;36 370;Suuret kaupungit ja maakuntakeskukset;1;0;0;0;0;1;;;205;Kajaani;36 370;;Kehyskunnat;859;Tyrnävä;;;
208;Kalajoki;12 155;Seutukaupungit;0;0;1;0;0;1;;;208;Kalajoki;12 155;;Kehyskunnat;886;Ulvila;;;
211;Kangasala;34 379;Kehyskunnat;0;1;0;0;0;1;;;211;Kangasala;34 379;;Kehyskunnat;922;Vesilahti;;;
213;Kangasniemi;4 952;Pienet kunnat;0;0;0;1;0;1;;;213;Kangasniemi;4 952;;Kehyskunnat;927;Vihti;;;
214;Kankaanpää;12 508;Seutukaupungit;0;0;1;0;0;1;;;214;Kankaanpää;12 508;;Kehyskunnat;980;Ylöjärvi;;;
216;Kannonkoski;1 137;Pienet kunnat;0;0;0;1;0;1;;;216;Kannonkoski;1 137;;Seutukaupungit;020;Akaa;;;
217;Kannus;5 246;"Seutukaupungit; Pienet kunnat";0;0;1;1;0;2;;;217;Kannus;5 246;;Seutukaupungit;005;Alajärvi;;;
218;Karijoki;1 134;Pienet kunnat;0;0;0;1;0;1;;;218;Karijoki;1 134;;Seutukaupungit;010;Alavus;;;
224;Karkkila;8 274;Pienet kunnat;0;0;0;1;0;1;;;224;Karkkila;8 274;;Seutukaupungit;061;Forssa;;;
226;Karstula;3 514;Pienet kunnat;0;0;0;1;0;1;;;226;Karstula;3 514;;Seutukaupungit;069;Haapajärvi;;;
230;Karvia;2 133;Pienet kunnat;0;0;0;1;0;1;;;230;Karvia;2 133;;Seutukaupungit;075;Hamina;;;
231;Kaskinen;1 248;"Pienet kunnat; Ruotsin- ja kaksikieliset kunnat";0;0;0;1;1;2;;;231;Kaskinen;1 248;;Seutukaupungit;111;Heinola;;;
232;Kauhajoki;12 429;Seutukaupungit;0;0;1;0;0;1;;;232;Kauhajoki;12 429;;Seutukaupungit;102;Huittinen;;;
233;Kauhava;14 909;Seutukaupungit;0;0;1;0;0;1;;;233;Kauhava;14 909;;Seutukaupungit;140;Iisalmi;;;
235;Kauniainen;10 318;Ruotsin- ja kaksikieliset kunnat;0;0;0;0;1;1;;;235;Kauniainen;10 318;;Seutukaupungit;143;Ikaalinen;;;
236;Kaustinen;4 074;Pienet kunnat;0;0;0;1;0;1;;;236;Kaustinen;4 074;;Seutukaupungit;153;Imatra;;;
239;Keitele;1 922;Pienet kunnat;0;0;0;1;0;1;;;239;Keitele;1 922;;Seutukaupungit;182;Jämsä;;;
240;Kemi;19 339;Seutukaupungit;0;0;1;0;0;1;;;240;Kemi;19 339;;Seutukaupungit;208;Kalajoki;;;
320;Kemijärvi;6 919;"Seutukaupungit; Pienet kunnat";0;0;1;1;0;2;;;241;Keminmaa;7 576;;Seutukaupungit;214;Kankaanpää;;;
241;Keminmaa;7 576;Pienet kunnat;0;0;0;1;0;1;;;244;Kempele;19 702;;Seutukaupungit;217;Kannus;;;
322;Kemiönsaari;6 340;"Pienet kunnat; Ruotsin- ja kaksikieliset kunnat";0;0;0;1;1;2;;;245;Kerava;38 767;;Seutukaupungit;232;Kauhajoki;;;
244;Kempele;19 702;Kehyskunnat;0;1;0;0;0;1;;;249;Keuruu;9 014;;Seutukaupungit;233;Kauhava;;;
245;Kerava;38 767;Kehyskunnat;0;1;0;0;0;1;;;250;Kihniö;1 670;;Seutukaupungit;240;Kemi;;;
249;Keuruu;9 014;"Seutukaupungit; Pienet kunnat";0;0;1;1;0;2;;;256;Kinnula;1 472;;Seutukaupungit;320;Kemijärvi;;;
250;Kihniö;1 670;Pienet kunnat;0;0;0;1;0;1;;;257;Kirkkonummi;41 725;;Seutukaupungit;249;Keuruu;;;
256;Kinnula;1 472;Pienet kunnat;0;0;0;1;0;1;;;260;Kitee;9 397;;Seutukaupungit;260;Kitee;;;
257;Kirkkonummi;41 725;"Kehyskunnat; Ruotsin- ja kaksikieliset kunnat";0;1;0;0;1;2;;;261;Kittilä;6 973;;Seutukaupungit;271;Kokemäki;;;
260;Kitee;9 397;"Seutukaupungit; Pienet kunnat";0;0;1;1;0;2;;;263;Kiuruvesi;7 255;;Seutukaupungit;287;Kristiinankaupunki;;;
261;Kittilä;6 973;Pienet kunnat;0;0;0;1;0;1;;;265;Kivijärvi;1 001;;Seutukaupungit;301;Kurikka;;;
263;Kiuruvesi;7 255;Pienet kunnat;0;0;0;1;0;1;;;271;Kokemäki;6 583;;Seutukaupungit;305;Kuusamo;;;
265;Kivijärvi;1 001;Pienet kunnat;0;0;0;1;0;1;;;272;Kokkola;48 338;;Seutukaupungit;400;Laitila;;;
271;Kokemäki;6 583;"Seutukaupungit; Pienet kunnat";0;0;1;1;0;2;;;273;Kolari;4 001;;Seutukaupungit;408;Lapua;;;
272;Kokkola;48 338;"Suuret kaupungit ja maakuntakeskukset; Ruotsin- ja kaksikieliset kunnat";1;0;0;0;1;2;;;275;Konnevesi;2 404;;Seutukaupungit;422;Lieksa;;;
273;Kolari;4 001;Pienet kunnat;0;0;0;1;0;1;;;276;Kontiolahti;15 060;;Seutukaupungit;444;Lohja;;;
275;Konnevesi;2 404;Pienet kunnat;0;0;0;1;0;1;;;280;Korsnäs;1 984;;Seutukaupungit;430;Loimaa;;;
276;Kontiolahti;15 060;Kehyskunnat;0;1;0;0;0;1;;;284;Koski Tl;2 144;;Seutukaupungit;434;Loviisa;;;
280;Korsnäs;1 984;"Pienet kunnat; Ruotsin- ja kaksikieliset kunnat";0;0;0;1;1;2;;;285;Kotka;50 029;;Seutukaupungit;508;Mänttä-Vilppula;;;
284;Koski Tl;2 144;Pienet kunnat;0;0;0;1;0;1;;;286;Kouvola;77 625;;Seutukaupungit;535;Nivala;;;
285;Kotka;50 029;Suuret kaupungit ja maakuntakeskukset;1;0;0;0;0;1;;;287;Kristiinankaupunki;6 113;;Seutukaupungit;541;Nurmes;;;
286;Kouvola;77 625;Suuret kaupungit ja maakuntakeskukset;1;0;0;0;0;1;;;288;Kruunupyy;6 268;;Seutukaupungit;563;Oulainen;;;
287;Kristiinankaupunki;6 113;"Seutukaupungit; Pienet kunnat; Ruotsin- ja kaksikieliset kunnat";0;0;1;1;1;3;;;290;Kuhmo;7 300;;Seutukaupungit;577;Paimio;;;
288;Kruunupyy;6 268;"Pienet kunnat; Ruotsin- ja kaksikieliset kunnat";0;0;0;1;1;2;;;291;Kuhmoinen;1 979;;Seutukaupungit;445;Parainen;;;
290;Kuhmo;7 300;Pienet kunnat;0;0;0;1;0;1;;;297;Kuopio;126 572;;Seutukaupungit;581;Parkano;;;
291;Kuhmoinen;1 979;Pienet kunnat;0;0;0;1;0;1;;;300;Kuortane;3 306;;Seutukaupungit;593;Pieksämäki;;;
297;Kuopio;126 572;Suuret kaupungit ja maakuntakeskukset;1;0;0;0;0;1;;;301;Kurikka;19 441;;Seutukaupungit;598;Pietarsaari;;;
300;Kuortane;3 306;Pienet kunnat;0;0;0;1;0;1;;;304;Kustavi;972;;Seutukaupungit;678;Raahe;;;
301;Kurikka;19 441;Seutukaupungit;0;0;1;0;0;1;;;305;Kuusamo;14 800;;Seutukaupungit;710;Raasepori;;;
304;Kustavi;972;Pienet kunnat;0;0;0;1;0;1;;;309;Outokumpu;6 365;;Seutukaupungit;684;Rauma;;;
305;Kuusamo;14 800;Seutukaupungit;0;0;1;0;0;1;;;312;Kyyjärvi;1 129;;Seutukaupungit;694;Riihimäki;;;
312;Kyyjärvi;1 129;Pienet kunnat;0;0;0;1;0;1;;;316;Kärkölä;4 052;;Seutukaupungit;729;Saarijärvi;;;
316;Kärkölä;4 052;Pienet kunnat;0;0;0;1;0;1;;;317;Kärsämäki;2 324;;Seutukaupungit;734;Salo;;;
317;Kärsämäki;2 324;Pienet kunnat;0;0;0;1;0;1;;;320;Kemijärvi;6 919;;Seutukaupungit;790;Sastamala;;;
398;Lahti;121 832;Suuret kaupungit ja maakuntakeskukset;1;0;0;0;0;1;;;322;Kemiönsaari;6 340;;Seutukaupungit;740;Savonlinna;;;
399;Laihia;7 534;Pienet kunnat;0;0;0;1;0;1;;;398;Lahti;121 832;;Seutukaupungit;761;Somero;;;
400;Laitila;8 400;"Seutukaupungit; Pienet kunnat";0;0;1;1;0;2;;;399;Laihia;7 534;;Seutukaupungit;778;Suonenjoki;;;
407;Lapinjärvi;2 430;"Pienet kunnat; Ruotsin- ja kaksikieliset kunnat";0;0;0;1;1;2;;;400;Laitila;8 400;;Seutukaupungit;851;Tornio;;;
402;Lapinlahti;8 803;Pienet kunnat;0;0;0;1;0;1;;;402;Lapinlahti;8 803;;Seutukaupungit;895;Uusikaupunki;;;
403;Lappajärvi;2 704;Pienet kunnat;0;0;0;1;0;1;;;403;Lappajärvi;2 704;;Seutukaupungit;908;Valkeakoski;;;
405;Lappeenranta;73 241;Suuret kaupungit ja maakuntakeskukset;1;0;0;0;0;1;;;405;Lappeenranta;73 241;;Seutukaupungit;915;Varkaus;;;
408;Lapua;13 927;Seutukaupungit;0;0;1;0;0;1;;;407;Lapinjärvi;2 430;;Seutukaupungit;931;Viitasaari;;;
410;Laukaa;18 808;Kehyskunnat;0;1;0;0;0;1;;;408;Lapua;13 927;;Seutukaupungit;977;Ylivieska;;;
416;Lemi;2 878;Pienet kunnat;0;0;0;1;0;1;;;410;Laukaa;18 808;;Seutukaupungit;989;Ähtäri;;;
418;Lempäälä;25 041;Kehyskunnat;0;1;0;0;0;1;;;416;Lemi;2 878;;Seutukaupungit;992;Äänekoski;;;
420;Leppävirta;8 924;"Kehyskunnat; Pienet kunnat";0;1;0;1;0;2;;;418;Lempäälä;25 041;;Ruotsin- ja kaksikieliset;049;Espoo;;;
421;Lestijärvi;656;Pienet kunnat;0;0;0;1;0;1;;;420;Leppävirta;8 924;;Ruotsin- ja kaksikieliset;078;Hanko;;;
422;Lieksa;9 846;"Seutukaupungit; Pienet kunnat";0;0;1;1;0;2;;;421;Lestijärvi;656;;Ruotsin- ja kaksikieliset;091;Helsinki;;;
423;Lieto;20 732;Kehyskunnat;0;1;0;0;0;1;;;422;Lieksa;9 846;;Ruotsin- ja kaksikieliset;149;Inkoo;;;
425;Liminka;10 116;Kehyskunnat;0;1;0;0;0;1;;;423;Lieto;20 732;;Ruotsin- ja kaksikieliset;231;Kaskinen;;;
426;Liperi;11 980;Kehyskunnat;0;1;0;0;0;1;;;425;Liminka;10 116;;Ruotsin- ja kaksikieliset;235;Kauniainen;;;
444;Lohja;45 435;"Seutukaupungit; Ruotsin- ja kaksikieliset kunnat";0;0;1;0;1;2;;;426;Liperi;11 980;;Ruotsin- ja kaksikieliset;322;Kemiönsaari;;;
430;Loimaa;15 124;Seutukaupungit;0;0;1;0;0;1;;;430;Loimaa;15 124;;Ruotsin- ja kaksikieliset;257;Kirkkonummi;;;
433;Loppi;7 574;Pienet kunnat;0;0;0;1;0;1;;;433;Loppi;7 574;;Ruotsin- ja kaksikieliset;272;Kokkola;;;
434;Loviisa;14 196;"Seutukaupungit; Ruotsin- ja kaksikieliset kunnat";0;0;1;0;1;2;;;434;Loviisa;14 196;;Ruotsin- ja kaksikieliset;280;Korsnäs;;;
435;Luhanka;695;Pienet kunnat;0;0;0;1;0;1;;;435;Luhanka;695;;Ruotsin- ja kaksikieliset;287;Kristiinankaupunki;;;
436;Lumijoki;2 018;Pienet kunnat;0;0;0;1;0;1;;;436;Lumijoki;2 018;;Ruotsin- ja kaksikieliset;288;Kruunupyy;;;
440;Luoto;5 955;"Pienet kunnat; Ruotsin- ja kaksikieliset kunnat";0;0;0;1;1;2;;;440;Luoto;5 955;;Ruotsin- ja kaksikieliset;407;Lapinjärvi;;;
441;Luumäki;4 304;Pienet kunnat;0;0;0;1;0;1;;;441;Luumäki;4 304;;Ruotsin- ja kaksikieliset;444;Lohja;;;
475;Maalahti;5 392;"Pienet kunnat; Ruotsin- ja kaksikieliset kunnat";0;0;0;1;1;2;;;444;Lohja;45 435;;Ruotsin- ja kaksikieliset;434;Loviisa;;;
480;Marttila;1 890;Pienet kunnat;0;0;0;1;0;1;;;445;Parainen;14 712;;Ruotsin- ja kaksikieliset;440;Luoto;;;
481;Masku;9 612;Pienet kunnat;0;0;0;1;0;1;;;475;Maalahti;5 392;;Ruotsin- ja kaksikieliset;475;Maalahti;;;
483;Merijärvi;1 031;Pienet kunnat;0;0;0;1;0;1;;;480;Marttila;1 890;;Ruotsin- ja kaksikieliset;499;Mustasaari;;;
484;Merikarvia;2 834;Pienet kunnat;0;0;0;1;0;1;;;481;Masku;9 612;;Ruotsin- ja kaksikieliset;504;Myrskylä;;;
489;Miehikkälä;1 664;Pienet kunnat;0;0;0;1;0;1;;;483;Merijärvi;1 031;;Ruotsin- ja kaksikieliset;545;Närpiö;;;
491;Mikkeli;51 551;Suuret kaupungit ja maakuntakeskukset;1;0;0;0;0;1;;;484;Merikarvia;2 834;;Ruotsin- ja kaksikieliset;445;Parainen;;;
494;Muhos;8 767;"Kehyskunnat; Pienet kunnat";0;1;0;1;0;2;;;489;Miehikkälä;1 664;;Ruotsin- ja kaksikieliset;599;Pedersöre;;;
495;Multia;1 386;Pienet kunnat;0;0;0;1;0;1;;;491;Mikkeli;51 551;;Ruotsin- ja kaksikieliset;598;Pietarsaari;;;
498;Muonio;2 323;Pienet kunnat;0;0;0;1;0;1;;;494;Muhos;8 767;;Ruotsin- ja kaksikieliset;638;Porvoo;;;
499;Mustasaari;19 792;Ruotsin- ja kaksikieliset kunnat;0;0;0;0;1;1;;;495;Multia;1 386;;Ruotsin- ja kaksikieliset;624;Pyhtää;;;
500;Muurame;10 646;Kehyskunnat;0;1;0;0;0;1;;;498;Muonio;2 323;;Ruotsin- ja kaksikieliset;710;Raasepori;;;
503;Mynämäki;7 424;Pienet kunnat;0;0;0;1;0;1;;;499;Mustasaari;19 792;;Ruotsin- ja kaksikieliset;753;Sipoo;;;
504;Myrskylä;1 692;"Pienet kunnat; Ruotsin- ja kaksikieliset kunnat";0;0;0;1;1;2;;;500;Muurame;10 646;;Ruotsin- ja kaksikieliset;755;Siuntio;;;
505;Mäntsälä;20 861;Kehyskunnat;0;1;0;0;0;1;;;503;Mynämäki;7 424;;Ruotsin- ja kaksikieliset;853;Turku;;;
508;Mänttä-Vilppula;9 109;"Seutukaupungit; Pienet kunnat";0;0;1;1;0;2;;;504;Myrskylä;1 692;;Ruotsin- ja kaksikieliset;893;Uusikaarlepyy;;;
507;Mäntyharju;7 034;Pienet kunnat;0;0;0;1;0;1;;;505;Mäntsälä;20 861;;Ruotsin- ja kaksikieliset;905;Vaasa;;;
529;Naantali;20 390;Kehyskunnat;0;1;0;0;0;1;;;507;Mäntyharju;7 034;;Ruotsin- ja kaksikieliset;092;Vantaa;;;
531;Nakkila;4 890;Pienet kunnat;0;0;0;1;0;1;;;508;Mänttä-Vilppula;9 109;;Ruotsin- ja kaksikieliset;946;Vöyri;;;
535;Nivala;10 300;Seutukaupungit;0;0;1;0;0;1;;;529;Naantali;20 390;;;;;;;
536;Nokia;36 571;Kehyskunnat;0;1;0;0;0;1;;;531;Nakkila;4 890;;;;;;;
538;Nousiainen;4 667;Pienet kunnat;0;0;0;1;0;1;;;535;Nivala;10 300;;;;;;;
541;Nurmes;8 760;"Seutukaupungit; Pienet kunnat";0;0;1;1;0;2;;;536;Nokia;36 571;;;;;;;
543;Nurmijärvi;45 333;Kehyskunnat;0;1;0;0;0;1;;;538;Nousiainen;4 667;;;;;;;
545;Närpiö;9 538;"Pienet kunnat; Ruotsin- ja kaksikieliset kunnat";0;0;0;1;1;2;;;541;Nurmes;8 760;;;;;;;
560;Orimattila;15 575;Kehyskunnat;0;1;0;0;0;1;;;543;Nurmijärvi;45 333;;;;;;;
561;Oripää;1 264;Pienet kunnat;0;0;0;1;0;1;;;545;Närpiö;9 538;;;;;;;
562;Orivesi;8 858;"Kehyskunnat; Pienet kunnat";0;1;0;1;0;2;;;560;Orimattila;15 575;;;;;;;
563;Oulainen;6 832;"Seutukaupungit; Pienet kunnat";0;0;1;1;0;2;;;561;Oripää;1 264;;;;;;;
564;Oulu;217 469;Suuret kaupungit ja maakuntakeskukset;1;0;0;0;0;1;;;562;Orivesi;8 858;;;;;;;
309;Outokumpu;6 365;Pienet kunnat;0;0;0;1;0;1;;;563;Oulainen;6 832;;;;;;;
576;Padasjoki;2 656;Pienet kunnat;0;0;0;1;0;1;;;564;Oulu;217 469;;;;;;;
577;Paimio;11 284;Seutukaupungit;0;0;1;0;0;1;;;576;Padasjoki;2 656;;;;;;;
578;Paltamo;2 941;Pienet kunnat;0;0;0;1;0;1;;;577;Paimio;11 284;;;;;;;
445;Parainen;14 712;"Seutukaupungit; Ruotsin- ja kaksikieliset kunnat";0;0;1;0;1;2;;;578;Paltamo;2 941;;;;;;;
580;Parikkala;4 235;Pienet kunnat;0;0;0;1;0;1;;;580;Parikkala;4 235;;;;;;;
581;Parkano;6 011;"Seutukaupungit; Pienet kunnat";0;0;1;1;0;2;;;581;Parkano;6 011;;;;;;;
599;Pedersöre;11 289;Ruotsin- ja kaksikieliset kunnat;0;0;0;0;1;1;;;583;Pelkosenniemi;932;;;;;;;
583;Pelkosenniemi;932;Pienet kunnat;0;0;0;1;0;1;;;584;Perho;2 547;;;;;;;
854;Pello;3 146;Pienet kunnat;0;0;0;1;0;1;;;592;Petäjävesi;3 511;;;;;;;
584;Perho;2 547;Pienet kunnat;0;0;0;1;0;1;;;593;Pieksämäki;17 124;;;;;;;
592;Petäjävesi;3 511;Pienet kunnat;0;0;0;1;0;1;;;595;Pielavesi;3 873;;;;;;;
593;Pieksämäki;17 124;Seutukaupungit;0;0;1;0;0;1;;;598;Pietarsaari;19 657;;;;;;;
595;Pielavesi;3 873;Pienet kunnat;0;0;0;1;0;1;;;599;Pedersöre;11 289;;;;;;;
598;Pietarsaari;19 657;"Seutukaupungit; Ruotsin- ja kaksikieliset kunnat";0;0;1;0;1;2;;;601;Pihtipudas;3 676;;;;;;;
601;Pihtipudas;3 676;Pienet kunnat;0;0;0;1;0;1;;;604;Pirkkala;21 373;;;;;;;
604;Pirkkala;21 373;Kehyskunnat;0;1;0;0;0;1;;;607;Polvijärvi;3 942;;;;;;;
607;Polvijärvi;3 942;Pienet kunnat;0;0;0;1;0;1;;;608;Pomarkku;1 893;;;;;;;
608;Pomarkku;1 893;Pienet kunnat;0;0;0;1;0;1;;;609;Pori;83 010;;;;;;;
609;Pori;83 010;Suuret kaupungit ja maakuntakeskukset;1;0;0;0;0;1;;;611;Pornainen;4 919;;;;;;;
611;Pornainen;4 919;"Kehyskunnat; Pienet kunnat";0;1;0;1;0;2;;;614;Posio;2 826;;;;;;;
638;Porvoo;51 863;"Suuret kaupungit ja maakuntakeskukset; Ruotsin- ja kaksikieliset kunnat";1;0;0;0;1;2;;;615;Pudasjärvi;7 168;;;;;;;
614;Posio;2 826;Pienet kunnat;0;0;0;1;0;1;;;616;Pukkila;1 720;;;;;;;
615;Pudasjärvi;7 168;Pienet kunnat;0;0;0;1;0;1;;;619;Punkalaidun;2 546;;;;;;;
616;Pukkila;1 720;Pienet kunnat;0;0;0;1;0;1;;;620;Puolanka;2 322;;;;;;;
619;Punkalaidun;2 546;Pienet kunnat;0;0;0;1;0;1;;;623;Puumala;2 081;;;;;;;
620;Puolanka;2 322;Pienet kunnat;0;0;0;1;0;1;;;624;Pyhtää;5 016;;;;;;;
623;Puumala;2 081;Pienet kunnat;0;0;0;1;0;1;;;625;Pyhäjoki;2 938;;;;;;;
624;Pyhtää;5 016;"Pienet kunnat; Ruotsin- ja kaksikieliset kunnat";0;0;0;1;1;2;;;626;Pyhäjärvi;4 551;;;;;;;
625;Pyhäjoki;2 938;Pienet kunnat;0;0;0;1;0;1;;;630;Pyhäntä;1 678;;;;;;;
626;Pyhäjärvi;4 551;Pienet kunnat;0;0;0;1;0;1;;;631;Pyhäranta;1 892;;;;;;;
630;Pyhäntä;1 678;Pienet kunnat;0;0;0;1;0;1;;;635;Pälkäne;6 146;;;;;;;
631;Pyhäranta;1 892;Pienet kunnat;0;0;0;1;0;1;;;636;Pöytyä;7 903;;;;;;;
635;Pälkäne;6 146;Pienet kunnat;0;0;0;1;0;1;;;638;Porvoo;51 863;;;;;;;
636;Pöytyä;7 903;Pienet kunnat;0;0;0;1;0;1;;;678;Raahe;23 413;;;;;;;
678;Raahe;23 413;Seutukaupungit;0;0;1;0;0;1;;;680;Raisio;26 036;;;;;;;
710;Raasepori;26 856;"Seutukaupungit; Ruotsin- ja kaksikieliset kunnat";0;0;1;0;1;2;;;681;Rantasalmi;3 219;;;;;;;
680;Raisio;26 036;Kehyskunnat;0;1;0;0;0;1;;;683;Ranua;3 530;;;;;;;
681;Rantasalmi;3 219;Pienet kunnat;0;0;0;1;0;1;;;684;Rauma;38 773;;;;;;;
683;Ranua;3 530;Pienet kunnat;0;0;0;1;0;1;;;686;Rautalampi;2 928;;;;;;;
684;Rauma;38 773;Seutukaupungit;0;0;1;0;0;1;;;687;Rautavaara;1 398;;;;;;;
686;Rautalampi;2 928;Pienet kunnat;0;0;0;1;0;1;;;689;Rautjärvi;2 888;;;;;;;
687;Rautavaara;1 398;Pienet kunnat;0;0;0;1;0;1;;;691;Reisjärvi;2 476;;;;;;;
689;Rautjärvi;2 888;Pienet kunnat;0;0;0;1;0;1;;;694;Riihimäki;28 555;;;;;;;
691;Reisjärvi;2 476;Pienet kunnat;0;0;0;1;0;1;;;697;Ristijärvi;1 158;;;;;;;
694;Riihimäki;28 555;Seutukaupungit;0;0;1;0;0;1;;;698;Rovaniemi;66 191;;;;;;;
697;Ristijärvi;1 158;Pienet kunnat;0;0;0;1;0;1;;;700;Ruokolahti;4 679;;;;;;;
698;Rovaniemi;66 191;Suuret kaupungit ja maakuntakeskukset;1;0;0;0;0;1;;;702;Ruovesi;3 995;;;;;;;
700;Ruokolahti;4 679;Pienet kunnat;0;0;0;1;0;1;;;704;Rusko;6 381;;;;;;;
702;Ruovesi;3 995;Pienet kunnat;0;0;0;1;0;1;;;707;Rääkkylä;1 830;;;;;;;
704;Rusko;6 381;"Kehyskunnat; Pienet kunnat";0;1;0;1;0;2;;;710;Raasepori;26 856;;;;;;;
707;Rääkkylä;1 830;Pienet kunnat;0;0;0;1;0;1;;;729;Saarijärvi;8 763;;;;;;;
729;Saarijärvi;8 763;"Seutukaupungit; Pienet kunnat";0;0;1;1;0;2;;;732;Salla;3 231;;;;;;;
732;Salla;3 231;Pienet kunnat;0;0;0;1;0;1;;;734;Salo;50 339;;;;;;;
734;Salo;50 339;"Suuret kaupungit ja maakuntakeskukset; Seutukaupungit";1;0;1;0;0;2;;;738;Sauvo;2 957;;;;;;;
790;Sastamala;23 332;Seutukaupungit;0;0;1;0;0;1;;;739;Savitaipale;3 094;;;;;;;
738;Sauvo;2 957;Pienet kunnat;0;0;0;1;0;1;;;740;Savonlinna;31 008;;;;;;;
739;Savitaipale;3 094;Pienet kunnat;0;0;0;1;0;1;;;742;Savukoski;974;;;;;;;
740;Savonlinna;31 008;Seutukaupungit;0;0;1;0;0;1;;;743;Seinäjoki;67 283;;;;;;;
742;Savukoski;974;Pienet kunnat;0;0;0;1;0;1;;;746;Sievi;4 585;;;;;;;
743;Seinäjoki;67 283;Suuret kaupungit ja maakuntakeskukset;1;0;0;0;0;1;;;747;Siikainen;1 229;;;;;;;
746;Sievi;4 585;Pienet kunnat;0;0;0;1;0;1;;;748;Siikajoki;4 723;;;;;;;
747;Siikainen;1 229;Pienet kunnat;0;0;0;1;0;1;;;749;Siilinjärvi;21 348;;;;;;;
748;Siikajoki;4 723;Pienet kunnat;0;0;0;1;0;1;;;751;Simo;2 701;;;;;;;
791;Siikalatva;4 861;Pienet kunnat;0;0;0;1;0;1;;;753;Sipoo;23 006;;;;;;;
749;Siilinjärvi;21 348;Kehyskunnat;0;1;0;0;0;1;;;755;Siuntio;6 192;;;;;;;
751;Simo;2 701;Pienet kunnat;0;0;0;1;0;1;;;758;Sodankylä;8 095;;;;;;;
753;Sipoo;23 006;"Kehyskunnat; Ruotsin- ja kaksikieliset kunnat";0;1;0;0;1;2;;;759;Soini;1 772;;;;;;;
755;Siuntio;6 192;"Pienet kunnat; Ruotsin- ja kaksikieliset kunnat";0;0;0;1;1;2;;;761;Somero;8 339;;;;;;;
758;Sodankylä;8 095;Pienet kunnat;0;0;0;1;0;1;;;762;Sonkajärvi;3 521;;;;;;;
759;Soini;1 772;Pienet kunnat;0;0;0;1;0;1;;;765;Sotkamo;10 161;;;;;;;
761;Somero;8 339;"Seutukaupungit; Pienet kunnat";0;0;1;1;0;2;;;768;Sulkava;2 310;;;;;;;
762;Sonkajärvi;3 521;Pienet kunnat;0;0;0;1;0;1;;;777;Suomussalmi;6 957;;;;;;;
765;Sotkamo;10 161;Kehyskunnat;0;1;0;0;0;1;;;778;Suonenjoki;6 549;;;;;;;
768;Sulkava;2 310;Pienet kunnat;0;0;0;1;0;1;;;781;Sysmä;3 367;;;;;;;
777;Suomussalmi;6 957;Pienet kunnat;0;0;0;1;0;1;;;783;Säkylä;6 221;;;;;;;
778;Suonenjoki;6 549;"Seutukaupungit; Pienet kunnat";0;0;1;1;0;2;;;785;Vaala;2 544;;;;;;;
781;Sysmä;3 367;Pienet kunnat;0;0;0;1;0;1;;;790;Sastamala;23 332;;;;;;;
783;Säkylä;6 221;Pienet kunnat;0;0;0;1;0;1;;;791;Siikalatva;4 861;;;;;;;
831;Taipalsaari;4 574;Pienet kunnat;0;0;0;1;0;1;;;831;Taipalsaari;4 574;;;;;;;
832;Taivalkoski;3 555;Pienet kunnat;0;0;0;1;0;1;;;832;Taivalkoski;3 555;;;;;;;
833;Taivassalo;1 707;Pienet kunnat;0;0;0;1;0;1;;;833;Taivassalo;1 707;;;;;;;
834;Tammela;5 777;Pienet kunnat;0;0;0;1;0;1;;;834;Tammela;5 777;;;;;;;
837;Tampere;263 337;Suuret kaupungit ja maakuntakeskukset;1;0;0;0;0;1;;;837;Tampere;263 337;;;;;;;
844;Tervo;1 388;Pienet kunnat;0;0;0;1;0;1;;;844;Tervo;1 388;;;;;;;
845;Tervola;2 837;Pienet kunnat;0;0;0;1;0;1;;;845;Tervola;2 837;;;;;;;
846;Teuva;4 574;Pienet kunnat;0;0;0;1;0;1;;;846;Teuva;4 574;;;;;;;
848;Tohmajärvi;3 869;Pienet kunnat;0;0;0;1;0;1;;;848;Tohmajärvi;3 869;;;;;;;
849;Toholampi;2 750;Pienet kunnat;0;0;0;1;0;1;;;849;Toholampi;2 750;;;;;;;
850;Toivakka;2 307;Pienet kunnat;0;0;0;1;0;1;;;850;Toivakka;2 307;;;;;;;
851;Tornio;20 823;Seutukaupungit;0;0;1;0;0;1;;;851;Tornio;20 823;;;;;;;
853;Turku;209 633;"Suuret kaupungit ja maakuntakeskukset; Ruotsin- ja kaksikieliset kunnat";1;0;0;0;1;2;;;853;Turku;209 633;;;;;;;
857;Tuusniemi;2 270;Pienet kunnat;0;0;0;1;0;1;;;854;Pello;3 146;;;;;;;
858;Tuusula;42 479;Kehyskunnat;0;1;0;0;0;1;;;857;Tuusniemi;2 270;;;;;;;
859;Tyrnävä;6 470;"Kehyskunnat; Pienet kunnat";0;1;0;1;0;2;;;858;Tuusula;42 479;;;;;;;
886;Ulvila;12 339;Kehyskunnat;0;1;0;0;0;1;;;859;Tyrnävä;6 470;;;;;;;
887;Urjala;4 440;Pienet kunnat;0;0;0;1;0;1;;;886;Ulvila;12 339;;;;;;;
889;Utajärvi;2 399;Pienet kunnat;0;0;0;1;0;1;;;887;Urjala;4 440;;;;;;;
890;Utsjoki;1 112;Pienet kunnat;0;0;0;1;0;1;;;889;Utajärvi;2 399;;;;;;;
892;Uurainen;3 651;Pienet kunnat;0;0;0;1;0;1;;;890;Utsjoki;1 112;;;;;;;
893;Uusikaarlepyy;7 391;"Pienet kunnat; Ruotsin- ja kaksikieliset kunnat";0;0;0;1;1;2;;;892;Uurainen;3 651;;;;;;;
895;Uusikaupunki;14 783;Seutukaupungit;0;0;1;0;0;1;;;893;Uusikaarlepyy;7 391;;;;;;;
785;Vaala;2 544;Pienet kunnat;0;0;0;1;0;1;;;895;Uusikaupunki;14 783;;;;;;;
905;Vaasa;71 209;"Suuret kaupungit ja maakuntakeskukset; Ruotsin- ja kaksikieliset kunnat";1;0;0;0;1;2;;;905;Vaasa;71 209;;;;;;;
908;Valkeakoski;20 762;Seutukaupungit;0;0;1;0;0;1;;;908;Valkeakoski;20 762;;;;;;;
092;Vantaa;252 956;"Suuret kaupungit ja maakuntakeskukset; Ruotsin- ja kaksikieliset kunnat";1;0;0;0;1;2;;;915;Varkaus;19 433;;;;;;;
915;Varkaus;19 433;Seutukaupungit;0;0;1;0;0;1;;;918;Vehmaa;2 263;;;;;;;
918;Vehmaa;2 263;Pienet kunnat;0;0;0;1;0;1;;;921;Vesanto;1 787;;;;;;;
921;Vesanto;1 787;Pienet kunnat;0;0;0;1;0;1;;;922;Vesilahti;4 532;;;;;;;
922;Vesilahti;4 532;"Kehyskunnat; Pienet kunnat";0;1;0;1;0;2;;;924;Veteli;2 912;;;;;;;
924;Veteli;2 912;Pienet kunnat;0;0;0;1;0;1;;;925;Vieremä;3 295;;;;;;;
925;Vieremä;3 295;Pienet kunnat;0;0;0;1;0;1;;;927;Vihti;28 852;;;;;;;
927;Vihti;28 852;Kehyskunnat;0;1;0;0;0;1;;;931;Viitasaari;5 695;;;;;;;
931;Viitasaari;5 695;"Seutukaupungit; Pienet kunnat";0;0;1;1;0;2;;;934;Vimpeli;2 554;;;;;;;
934;Vimpeli;2 554;Pienet kunnat;0;0;0;1;0;1;;;935;Virolahti;2 751;;;;;;;
935;Virolahti;2 751;Pienet kunnat;0;0;0;1;0;1;;;936;Virrat;6 126;;;;;;;
936;Virrat;6 126;Pienet kunnat;0;0;0;1;0;1;;;946;Vöyri;6 185;;;;;;;
946;Vöyri;6 185;"Pienet kunnat; Ruotsin- ja kaksikieliset kunnat";0;0;0;1;1;2;;;976;Ylitornio;3 673;;;;;;;
976;Ylitornio;3 673;Pienet kunnat;0;0;0;1;0;1;;;977;Ylivieska;15 274;;;;;;;
977;Ylivieska;15 274;Seutukaupungit;0;0;1;0;0;1;;;980;Ylöjärvi;33 658;;;;;;;
980;Ylöjärvi;33 658;Kehyskunnat;0;1;0;0;0;1;;;981;Ypäjä;2 186;;;;;;;
981;Ypäjä;2 186;Pienet kunnat;0;0;0;1;0;1;;;989;Ähtäri;5 121;;;;;;;
989;Ähtäri;5 121;"Seutukaupungit; Pienet kunnat";0;0;1;1;0;2;;;992;Äänekoski;17 492;;;;;;;
992;Äänekoski;17 492;Seutukaupungit;0;0;1;0;0;1;;;;;;;;;;;;
